order_id,campaign,timestamp,event
1174,Campaign_3,2023-02-23 18:15:58,purchase
1491,,2023-02-17 13:19:47,purchase
1163,Campaign_2,2023-01-08 09:05:28,purchase
1263,Campaign_1,2023-01-26 20:18:05,purchase
1169,Campaign_2,2023-02-12 22:49:20,purchase
1214,,2023-01-01 07:59:31,purchase
1486,,2023-01-12 04:41:42,purchase
1803,Campaign_1,2023-01-19 23:14:03,purchase
1222,,2023-02-22 09:16:32,purchase
1157,,2023-01-23 11:33:16,purchase
1517,Campaign_2,2023-01-24 18:55:11,purchase
1767,,2023-01-21 17:35:48,purchase
1951,Campaign_1,2023-01-15 08:07:16,purchase
1656,Campaign_1,2023-02-01 01:28:27,purchase
1209,Campaign_3,2023-02-02 12:31:04,purchase
1021,,2023-01-01 21:56:24,purchase
1931,Campaign_1,2023-02-27 11:22:48,purchase
1903,,2023-02-01 14:03:56,purchase
1162,Campaign_2,2023-02-21 03:26:26,purchase
1062,,2023-02-08 16:40:43,purchase
1243,Campaign_2,2023-01-08 13:24:35,purchase
1761,Campaign_1,2023-02-15 04:48:44,purchase
1417,,2023-02-11 21:55:20,purchase
1878,Campaign_1,2023-02-26 19:23:26,purchase
1920,,2023-01-23 16:30:54,purchase
1324,,2023-01-21 16:30:03,purchase
1718,Campaign_3,2023-01-18 00:23:24,purchase
1183,,2023-01-28 01:44:37,purchase
1562,Campaign_3,2023-01-22 13:22:54,purchase
1943,,2023-01-15 17:10:45,purchase
1846,,2023-02-26 06:52:04,purchase
1218,Campaign_1,2023-01-27 15:11:31,purchase
1782,Campaign_1,2023-01-19 00:43:34,purchase
1668,Campaign_2,2023-01-04 07:59:07,purchase
1663,Campaign_1,2023-02-13 01:33:54,purchase
1799,,2023-01-21 03:28:16,purchase
1625,Campaign_2,2023-01-25 23:05:18,purchase
1538,,2023-02-03 05:19:07,purchase
1942,,2023-02-10 02:09:09,purchase
1703,,2023-01-24 16:38:31,purchase
1553,,2023-01-25 17:02:36,purchase
1000,,2023-02-06 15:33:01,purchase
1193,Campaign_2,2023-02-26 00:12:27,purchase
1944,,2023-01-15 01:53:20,purchase
1684,,2023-02-06 02:03:38,purchase
1865,,2023-01-01 00:33:31,purchase
1609,,2023-02-17 10:58:15,purchase
1020,,2023-02-25 22:25:33,purchase
1955,Campaign_2,2023-01-15 06:30:19,purchase
1450,,2023-02-08 10:55:46,purchase
1090,,2023-02-01 18:46:15,purchase
1935,Campaign_1,2023-01-22 12:07:27,purchase
1360,,2023-02-15 00:28:24,purchase
1394,Campaign_1,2023-01-16 10:28:14,purchase
1994,,2023-02-09 03:28:36,purchase
1343,,2023-02-12 17:24:10,purchase
1644,,2023-02-13 07:53:11,purchase
1860,Campaign_1,2023-01-07 16:51:04,purchase
1208,Campaign_1,2023-01-03 11:55:47,purchase
1871,Campaign_1,2023-01-03 12:17:34,purchase
1669,,2023-01-18 01:57:25,purchase
1874,,2023-01-20 12:00:35,purchase
1024,,2023-02-10 21:29:25,purchase
1372,Campaign_2,2023-01-09 01:59:59,purchase
1440,Campaign_1,2023-02-07 03:02:37,purchase
1796,Campaign_1,2023-02-25 21:58:54,purchase
1891,Campaign_1,2023-02-14 03:27:07,purchase
1165,Campaign_1,2023-01-24 20:44:50,purchase
1098,Campaign_2,2023-01-05 10:13:24,purchase
1591,Campaign_1,2023-02-16 23:04:18,purchase
1366,Campaign_2,2023-01-30 10:55:27,purchase
1529,,2023-02-20 16:32:22,purchase
1068,Campaign_1,2023-01-02 22:28:29,purchase
1325,,2023-02-13 19:43:01,purchase
1997,,2023-02-05 13:47:24,purchase
1349,Campaign_2,2023-01-01 22:48:49,purchase
1226,,2023-01-29 13:49:54,purchase
1772,,2023-01-01 10:29:33,purchase
1641,Campaign_1,2023-01-25 19:14:18,purchase
1906,Campaign_1,2023-01-15 17:15:15,purchase
1299,Campaign_3,2023-01-07 18:49:08,purchase
1103,,2023-02-07 11:42:16,purchase
1542,Campaign_2,2023-02-11 20:08:04,purchase
1494,,2023-02-13 23:32:30,purchase
1618,Campaign_2,2023-01-15 11:05:19,purchase
1391,,2023-02-28 16:26:26,purchase
1757,,2023-01-13 10:02:38,purchase
1449,Campaign_2,2023-02-25 10:43:15,purchase
1270,Campaign_2,2023-01-26 04:11:48,purchase
1044,,2023-02-03 14:24:09,purchase
1455,,2023-01-03 13:21:26,purchase
1843,Campaign_1,2023-02-13 05:22:30,purchase
1866,Campaign_2,2023-01-04 23:53:40,purchase
1593,Campaign_1,2023-01-31 12:15:42,purchase
1851,,2023-01-25 20:17:51,purchase
1926,,2023-02-02 08:51:36,purchase
1698,Campaign_1,2023-01-28 00:54:58,purchase
1148,,2023-02-03 20:14:39,purchase
1424,,2023-02-20 05:31:03,purchase
1136,,2023-02-16 07:41:21,purchase
1685,,2023-01-17 11:33:32,purchase
1133,,2023-01-06 14:06:54,purchase
1745,,2023-02-04 05:35:23,purchase
1996,Campaign_3,2023-02-19 07:36:54,purchase
1823,,2023-02-06 07:13:39,purchase
1692,,2023-02-26 08:00:16,purchase
1082,Campaign_2,2023-02-03 00:54:11,purchase
1571,,2023-01-19 14:33:58,purchase
1607,Campaign_1,2023-02-04 03:22:12,purchase
1574,Campaign_1,2023-02-05 22:57:30,purchase
1830,Campaign_1,2023-02-02 14:37:43,purchase
1190,,2023-02-24 10:28:31,purchase
1793,Campaign_1,2023-01-06 20:57:40,purchase
1965,Campaign_2,2023-02-11 21:04:38,purchase
1670,Campaign_1,2023-01-16 10:57:07,purchase
1322,,2023-01-04 02:24:37,purchase
1820,Campaign_2,2023-01-31 04:49:11,purchase
1956,,2023-01-11 17:46:15,purchase
1608,,2023-02-15 05:06:58,purchase
1648,,2023-02-25 13:57:05,purchase
1821,,2023-02-22 10:46:17,purchase
1250,,2023-02-04 20:46:23,purchase
1204,Campaign_2,2023-02-01 10:49:16,purchase
1652,,2023-02-27 06:24:18,purchase
1979,Campaign_1,2023-02-12 00:25:09,purchase
1219,,2023-01-21 22:58:40,purchase
1108,,2023-01-21 00:21:22,purchase
1961,,2023-02-27 00:32:32,purchase
1573,Campaign_1,2023-02-28 11:53:52,purchase
1102,Campaign_1,2023-02-21 16:07:13,purchase
1358,,2023-01-13 07:38:19,purchase
1496,Campaign_2,2023-02-27 12:32:52,purchase
1507,,2023-01-19 09:35:18,purchase
1401,,2023-02-08 04:49:41,purchase
1988,,2023-01-17 23:30:41,purchase
1682,,2023-02-16 14:10:49,purchase
1987,,2023-02-20 05:42:52,purchase
1646,Campaign_2,2023-02-17 15:03:08,purchase
1974,,2023-02-08 20:23:25,purchase
1789,Campaign_2,2023-02-05 13:10:26,purchase
1016,,2023-02-14 14:37:22,purchase
1119,Campaign_1,2023-01-09 12:49:43,purchase
1886,Campaign_2,2023-01-13 00:41:19,purchase
1895,,2023-01-17 20:26:37,purchase
1013,,2023-01-26 20:49:17,purchase
1704,Campaign_2,2023-02-16 18:25:48,purchase
1319,,2023-01-19 08:09:29,purchase
1057,,2023-01-20 23:03:53,purchase
1459,,2023-01-18 10:44:56,purchase
1215,,2023-02-07 16:46:14,purchase
1179,Campaign_2,2023-02-03 18:40:27,purchase
1939,Campaign_2,2023-01-21 08:00:25,purchase
1411,,2023-01-31 00:07:31,purchase
1899,Campaign_1,2023-01-14 10:26:10,purchase
1080,,2023-01-06 01:24:58,purchase
1447,,2023-02-19 18:44:36,purchase
1681,,2023-02-28 10:25:59,purchase
1040,Campaign_1,2023-01-01 20:47:00,purchase
1735,Campaign_3,2023-02-01 00:09:11,purchase
1978,Campaign_2,2023-02-24 19:43:43,purchase
1310,Campaign_2,2023-02-12 14:53:55,purchase
1359,,2023-01-05 20:53:59,purchase
1752,,2023-02-26 08:39:44,purchase
1381,Campaign_1,2023-01-04 23:01:56,purchase
1063,Campaign_3,2023-02-02 15:39:17,purchase
1848,Campaign_2,2023-01-30 14:54:07,purchase
1200,,2023-01-10 14:40:33,purchase
1594,,2023-01-04 11:07:59,purchase
1502,Campaign_2,2023-02-12 04:54:06,purchase
1606,,2023-02-22 22:50:00,purchase
1640,Campaign_1,2023-01-27 14:38:54,purchase
1708,,2023-02-12 11:42:30,purchase
1962,,2023-01-26 09:26:43,purchase
1336,,2023-02-05 01:51:08,purchase
1229,Campaign_1,2023-01-18 04:56:57,purchase
1017,,2023-02-11 23:21:19,purchase
1161,Campaign_2,2023-01-09 11:29:57,purchase
1599,,2023-02-18 01:52:15,purchase
1776,Campaign_2,2023-02-14 07:09:10,purchase
1196,,2023-02-08 02:19:03,purchase
1315,,2023-01-24 15:05:20,purchase
1724,,2023-01-03 23:46:38,purchase
1998,Campaign_1,2023-02-03 10:39:16,purchase
1555,,2023-02-27 13:44:14,purchase
1665,,2023-01-15 07:47:23,purchase
1269,Campaign_1,2023-01-13 06:31:43,purchase
1852,,2023-02-13 11:51:28,purchase
1091,Campaign_2,2023-01-08 23:12:43,purchase
1809,,2023-01-08 09:20:54,purchase
1410,Campaign_3,2023-02-27 12:16:02,purchase
1560,,2023-01-20 12:44:04,purchase
1331,Campaign_1,2023-02-13 23:09:09,purchase
1073,,2023-02-18 13:27:47,purchase
1094,,2023-02-16 03:36:31,purchase
1683,,2023-01-16 07:39:46,purchase
1779,,2023-02-15 20:37:52,purchase
1330,Campaign_1,2023-01-21 02:10:45,purchase
1285,Campaign_2,2023-01-29 10:28:00,purchase
1274,Campaign_1,2023-02-21 03:58:32,purchase
1957,,2023-02-05 00:55:49,purchase
1032,Campaign_1,2023-02-08 07:05:23,purchase
1804,Campaign_2,2023-01-29 14:28:35,purchase
1188,,2023-01-12 00:58:36,purchase
1909,,2023-02-18 15:29:11,purchase
1778,,2023-01-01 00:33:29,purchase
1350,Campaign_1,2023-01-14 15:45:37,purchase
1369,Campaign_3,2023-01-08 06:02:32,purchase
1374,Campaign_2,2023-02-03 06:47:01,purchase
1756,Campaign_2,2023-01-12 10:00:10,purchase
1589,,2023-01-09 23:22:34,purchase
1431,,2023-01-28 15:49:17,purchase
1264,Campaign_2,2023-02-24 06:04:56,purchase
1645,,2023-02-11 08:14:24,purchase
1365,,2023-02-01 02:11:48,purchase
1840,,2023-02-08 08:03:55,purchase
1881,,2023-01-21 12:49:32,purchase
1889,,2023-01-25 16:24:02,purchase
1531,Campaign_3,2023-02-17 10:33:29,purchase
1286,,2023-01-01 13:30:55,purchase
1155,Campaign_2,2023-01-09 11:47:19,purchase
1355,Campaign_1,2023-02-26 02:45:52,purchase
1099,,2023-01-14 23:43:48,purchase
1579,,2023-02-26 17:52:30,purchase
1116,,2023-02-28 16:35:44,purchase
1870,Campaign_2,2023-01-18 01:58:14,purchase
1241,,2023-01-23 08:35:16,purchase
1742,Campaign_3,2023-01-06 10:24:37,purchase
1515,,2023-01-17 18:44:11,purchase
1361,Campaign_1,2023-01-26 06:53:39,purchase
1150,Campaign_1,2023-01-15 19:34:41,purchase
1388,Campaign_3,2023-02-15 14:11:48,purchase
1950,Campaign_1,2023-02-12 10:26:33,purchase
1808,Campaign_2,2023-01-18 03:45:14,purchase
1230,,2023-01-06 23:11:54,purchase
1258,Campaign_3,2023-02-04 04:08:34,purchase
1544,Campaign_1,2023-02-21 21:10:00,purchase
1287,,2023-02-20 03:44:18,purchase
1836,,2023-01-10 14:07:23,purchase
1407,,2023-01-07 07:48:03,purchase
1134,,2023-02-17 19:14:12,purchase
1592,Campaign_1,2023-02-04 00:11:25,purchase
1678,,2023-02-24 00:27:20,purchase
1404,,2023-02-17 07:27:57,purchase
1247,Campaign_2,2023-02-22 14:09:46,purchase
1744,Campaign_1,2023-01-29 20:11:16,purchase
1628,,2023-01-10 02:53:47,purchase
1028,Campaign_2,2023-02-02 09:42:18,purchase
1145,,2023-02-15 09:16:22,purchase
1977,Campaign_3,2023-02-26 16:07:02,purchase
1913,,2023-01-16 14:31:42,purchase
1769,,2023-02-21 21:34:52,purchase
1352,,2023-02-08 16:01:39,purchase
1700,,2023-02-23 06:45:02,purchase
1281,Campaign_3,2023-02-21 16:31:49,purchase
1749,,2023-01-16 02:03:22,purchase
1123,,2023-02-16 20:49:34,purchase
1638,,2023-01-14 18:35:24,purchase
1159,,2023-01-23 06:49:19,purchase
1304,Campaign_2,2023-01-10 00:43:15,purchase
1694,,2023-02-22 14:44:53,purchase
1329,,2023-01-03 04:48:53,purchase
1114,Campaign_1,2023-01-20 10:17:08,purchase
1510,Campaign_2,2023-02-16 08:27:10,purchase
1993,Campaign_1,2023-01-16 18:58:43,purchase
1353,Campaign_3,2023-02-22 01:55:36,purchase
1452,,2023-01-05 22:43:10,purchase
1107,Campaign_1,2023-01-02 12:52:32,purchase
1905,Campaign_2,2023-02-09 06:56:21,purchase
1100,,2023-01-24 04:56:03,purchase
1864,Campaign_2,2023-02-21 14:00:51,purchase
1120,Campaign_1,2023-02-25 23:04:55,purchase
1364,,2023-01-06 01:42:53,purchase
1759,,2023-01-27 23:49:54,purchase
1023,,2023-01-29 02:59:44,purchase
1189,,2023-01-04 13:37:58,purchase
1303,,2023-01-13 21:45:33,purchase
1575,Campaign_1,2023-02-01 17:16:06,purchase
1952,Campaign_1,2023-01-30 17:39:37,purchase
1141,Campaign_1,2023-02-12 23:53:17,purchase
1552,Campaign_3,2023-02-17 03:25:27,purchase
1444,,2023-01-19 23:22:54,purchase
1610,Campaign_3,2023-01-24 14:53:23,purchase
1691,Campaign_1,2023-01-19 02:58:05,purchase
1296,Campaign_3,2023-02-22 20:40:31,purchase
1566,,2023-02-16 09:23:48,purchase
1055,Campaign_3,2023-02-14 02:26:08,purchase
1115,Campaign_3,2023-01-28 15:29:52,purchase
1758,Campaign_1,2023-02-17 23:58:57,purchase
1976,,2023-01-15 06:08:50,purchase
1106,Campaign_2,2023-02-01 17:47:37,purchase
1712,Campaign_2,2023-01-24 16:29:43,purchase
1301,,2023-01-04 09:39:07,purchase
1990,,2023-02-05 17:00:45,purchase
1969,Campaign_2,2023-01-30 19:25:57,purchase
1475,,2023-02-26 23:52:56,purchase
1853,,2023-02-21 16:33:53,purchase
1948,Campaign_3,2023-01-08 00:47:20,purchase
1717,,2023-02-17 14:00:43,purchase
1795,,2023-01-13 22:38:21,purchase
1873,,2023-01-01 23:39:20,purchase
1930,,2023-02-26 09:55:18,purchase
1128,Campaign_2,2023-01-24 23:03:31,purchase
1662,,2023-01-29 15:02:41,purchase
1783,Campaign_2,2023-02-06 07:30:05,purchase
1763,,2023-02-22 04:05:54,purchase
1236,,2023-01-18 00:20:57,purchase
1901,Campaign_3,2023-02-05 01:38:08,purchase
1636,,2023-02-03 21:13:56,purchase
1601,Campaign_2,2023-01-25 03:10:40,purchase
1147,,2023-02-22 03:30:12,purchase
1777,Campaign_2,2023-01-17 15:14:31,purchase
1205,Campaign_1,2023-01-27 00:13:21,purchase
1293,Campaign_2,2023-01-11 04:46:22,purchase
1420,Campaign_1,2023-02-27 04:00:41,purchase
1659,Campaign_2,2023-02-20 15:20:22,purchase
1880,Campaign_2,2023-01-31 06:04:21,purchase
1085,,2023-01-31 12:49:14,purchase
1280,Campaign_2,2023-02-20 13:34:35,purchase
1563,,2023-01-28 22:59:35,purchase
1418,Campaign_3,2023-02-20 21:44:39,purchase
1185,,2023-01-27 00:59:07,purchase
1771,Campaign_1,2023-01-31 02:23:39,purchase
1457,Campaign_3,2023-02-25 17:11:45,purchase
1468,,2023-01-09 18:34:21,purchase
1910,Campaign_1,2023-02-16 20:23:53,purchase
1775,,2023-02-22 06:03:38,purchase
1113,,2023-01-26 09:05:33,purchase
1149,,2023-02-24 03:55:04,purchase
1819,,2023-01-05 21:08:54,purchase
1534,Campaign_2,2023-02-27 00:37:07,purchase
1445,Campaign_3,2023-02-08 05:16:30,purchase
1453,,2023-01-06 21:27:23,purchase
1728,,2023-01-27 16:13:01,purchase
1175,Campaign_2,2023-02-13 17:25:02,purchase
1271,Campaign_2,2023-02-02 10:50:29,purchase
1518,Campaign_1,2023-02-05 00:23:29,purchase
1261,Campaign_1,2023-01-14 00:14:20,purchase
1578,,2023-01-23 16:52:30,purchase
1371,,2023-01-30 03:26:02,purchase
1841,,2023-01-12 03:29:59,purchase
1368,,2023-02-02 13:13:18,purchase
1740,Campaign_1,2023-01-24 11:54:15,purchase
1213,,2023-02-14 13:39:54,purchase
1064,,2023-02-06 05:04:04,purchase
1045,,2023-01-02 05:54:48,purchase
1619,,2023-01-24 12:25:05,purchase
1216,,2023-02-17 23:38:48,purchase
1792,,2023-01-01 05:23:17,purchase
1479,,2023-02-25 11:32:54,purchase
1854,,2023-01-11 14:51:04,purchase
1097,,2023-01-10 01:32:25,purchase
1818,Campaign_2,2023-01-14 16:14:52,purchase
1849,,2023-02-22 07:48:58,purchase
1743,,2023-02-25 21:23:03,purchase
1111,Campaign_3,2023-01-05 22:33:38,purchase
1699,,2023-01-24 10:27:19,purchase
1807,Campaign_2,2023-01-16 22:52:23,purchase
1058,Campaign_1,2023-02-09 21:19:30,purchase
1234,Campaign_2,2023-01-30 19:43:36,purchase
1960,,2023-01-16 06:35:48,purchase
1275,Campaign_1,2023-02-12 07:28:06,purchase
1001,Campaign_2,2023-01-13 21:37:19,purchase
1458,Campaign_3,2023-02-06 17:43:35,purchase
1884,Campaign_3,2023-01-21 11:04:19,purchase
1210,Campaign_2,2023-02-16 03:01:20,purchase
1927,,2023-01-04 08:37:30,purchase
1425,Campaign_2,2023-02-22 20:34:59,purchase
1887,Campaign_3,2023-01-23 12:52:11,purchase
1438,Campaign_2,2023-01-27 14:30:25,purchase
1451,,2023-01-24 05:46:48,purchase
1971,Campaign_3,2023-01-17 11:32:49,purchase
1922,,2023-02-25 07:35:49,purchase
1140,Campaign_3,2023-01-10 16:01:39,purchase
1191,Campaign_1,2023-01-02 20:47:22,purchase
1311,,2023-01-07 05:19:08,purchase
1674,,2023-02-12 07:48:32,purchase
1729,,2023-01-27 20:02:25,purchase
1492,,2023-02-27 12:23:16,purchase
1964,,2023-01-06 07:19:00,purchase
1624,,2023-02-22 00:00:02,purchase
1519,,2023-01-08 02:07:00,purchase
1989,Campaign_1,2023-02-20 11:27:54,purchase
1402,,2023-01-20 19:21:02,purchase
1096,Campaign_2,2023-01-28 21:28:00,purchase
1385,,2023-02-25 04:15:30,purchase
1084,,2023-02-21 00:03:19,purchase
1587,Campaign_1,2023-01-08 07:28:48,purchase
1469,,2023-01-09 12:54:31,purchase
1306,Campaign_3,2023-01-28 03:52:29,purchase
1202,,2023-01-16 09:33:06,purchase
1611,Campaign_1,2023-02-10 11:43:47,purchase
1217,,2023-01-10 12:56:54,purchase
1811,Campaign_3,2023-01-01 16:40:16,purchase
1170,Campaign_3,2023-02-09 03:49:03,purchase
1126,,2023-01-09 17:34:57,purchase
1697,Campaign_2,2023-02-22 02:08:44,purchase
1493,Campaign_1,2023-01-05 05:46:32,purchase
1129,,2023-01-25 11:21:42,purchase
1522,,2023-01-01 13:09:12,purchase
1900,,2023-01-26 18:50:21,purchase
1805,Campaign_1,2023-02-19 00:53:20,purchase
1290,Campaign_1,2023-01-25 12:07:59,purchase
1941,Campaign_3,2023-01-01 03:27:17,purchase
1406,Campaign_2,2023-01-11 05:01:26,purchase
1676,,2023-01-21 19:57:03,purchase
1029,Campaign_2,2023-01-27 09:35:42,purchase
1239,Campaign_2,2023-01-18 00:13:25,purchase
1328,,2023-02-12 06:54:03,purchase
1650,Campaign_3,2023-02-01 21:04:57,purchase
1921,Campaign_2,2023-02-03 05:01:38,purchase
1992,Campaign_2,2023-01-09 16:55:32,purchase
1748,,2023-01-11 03:15:54,purchase
1654,,2023-01-26 08:39:50,purchase
1345,,2023-01-29 11:13:35,purchase
1557,Campaign_2,2023-01-22 14:29:48,purchase
1614,Campaign_2,2023-01-17 00:35:00,purchase
1092,Campaign_1,2023-01-22 17:56:56,purchase
1027,,2023-02-20 03:17:02,purchase
1794,Campaign_2,2023-01-27 08:30:28,purchase
1980,Campaign_1,2023-02-06 03:10:32,purchase
1392,,2023-02-21 00:52:42,purchase
1268,,2023-01-30 13:26:09,purchase
1466,Campaign_2,2023-02-19 19:55:56,purchase
1342,,2023-02-14 11:15:38,purchase
1316,Campaign_2,2023-01-09 21:54:36,purchase
1863,Campaign_1,2023-01-13 03:43:51,purchase
1750,,2023-02-23 21:21:13,purchase
1428,Campaign_1,2023-01-07 23:06:39,purchase
1695,,2023-01-15 23:52:14,purchase
1181,Campaign_3,2023-01-03 16:45:48,purchase
1194,Campaign_2,2023-01-18 05:54:01,purchase
1313,Campaign_2,2023-02-06 03:02:08,purchase
1501,,2023-01-30 01:05:06,purchase
1443,,2023-01-19 02:48:35,purchase
1888,,2023-01-15 09:19:15,purchase
1012,,2023-02-05 21:50:06,purchase
1257,,2023-02-11 06:29:49,purchase
1430,Campaign_3,2023-02-02 19:22:16,purchase
1288,,2023-01-23 19:11:21,purchase
1495,Campaign_1,2023-01-28 14:06:42,purchase
1413,,2023-01-01 08:31:10,purchase
1178,Campaign_3,2023-02-23 17:15:09,purchase
1919,,2023-02-04 23:18:55,purchase
1867,,2023-02-21 21:09:24,purchase
1244,,2023-01-30 10:07:01,purchase
1198,Campaign_1,2023-01-07 19:08:11,purchase
1054,,2023-01-25 09:28:19,purchase
1320,Campaign_1,2023-02-12 16:26:12,purchase
1211,,2023-01-12 11:37:56,purchase
1294,Campaign_2,2023-02-13 00:53:43,purchase
1632,,2023-01-31 15:44:32,purchase
1577,Campaign_2,2023-02-09 15:39:47,purchase
1673,,2023-01-07 10:24:40,purchase
1246,,2023-01-29 05:23:24,purchase
1787,,2023-01-15 02:29:55,purchase
1212,Campaign_2,2023-01-19 13:14:26,purchase
1233,Campaign_3,2023-01-11 11:37:07,purchase
1152,Campaign_3,2023-02-17 18:53:19,purchase
1378,,2023-02-03 05:09:43,purchase
1893,,2023-02-10 09:27:40,purchase
1785,,2023-02-15 02:57:22,purchase
1675,Campaign_2,2023-01-06 04:51:23,purchase
1524,,2023-01-27 23:06:57,purchase
1714,Campaign_1,2023-02-15 20:04:40,purchase
1109,,2023-01-15 09:37:43,purchase
1500,,2023-01-04 09:41:03,purchase
1597,,2023-02-12 21:17:38,purchase
1069,,2023-02-02 20:18:54,purchase
1857,,2023-01-19 09:50:56,purchase
1337,,2023-01-12 17:49:15,purchase
1292,Campaign_1,2023-01-23 14:33:18,purchase
1561,Campaign_1,2023-01-20 07:03:29,purchase
1556,,2023-02-28 16:19:13,purchase
1295,Campaign_3,2023-02-01 15:32:32,purchase
1658,Campaign_3,2023-02-26 18:10:27,purchase
1093,,2023-01-19 15:07:39,purchase
1671,,2023-01-04 15:04:51,purchase
1384,Campaign_3,2023-02-05 09:43:37,purchase
1661,Campaign_2,2023-02-08 20:02:52,purchase
1037,Campaign_3,2023-01-26 21:56:13,purchase
1030,,2023-01-21 23:59:32,purchase
1859,,2023-02-09 22:19:31,purchase
1393,Campaign_1,2023-01-05 02:15:25,purchase
1784,,2023-01-11 10:53:29,purchase
1567,,2023-02-12 07:45:01,purchase
1354,Campaign_1,2023-01-12 20:36:20,purchase
1657,Campaign_2,2023-02-16 13:14:59,purchase
1252,Campaign_1,2023-02-10 15:36:46,purchase
1279,,2023-02-13 19:57:43,purchase
1187,Campaign_1,2023-02-01 14:27:31,purchase
1637,Campaign_2,2023-02-04 22:58:47,purchase
1932,,2023-02-02 08:45:03,purchase
1446,Campaign_1,2023-02-23 11:10:49,purchase
1389,Campaign_1,2023-01-29 03:16:04,purchase
1861,,2023-01-08 11:31:45,purchase
1914,,2023-02-03 02:35:50,purchase
1938,,2023-02-06 08:32:05,purchase
1256,,2023-02-22 16:14:12,purchase
1008,,2023-02-28 05:57:17,purchase
1006,Campaign_1,2023-01-19 18:23:40,purchase
1639,,2023-01-12 15:18:18,purchase
1079,,2023-02-11 09:41:41,purchase
1224,Campaign_3,2023-01-03 09:34:28,purchase
1959,,2023-01-30 00:57:01,purchase
1613,Campaign_2,2023-02-22 00:10:32,purchase
1203,,2023-01-21 05:44:38,purchase
1019,,2023-02-25 10:19:42,purchase
1334,Campaign_2,2023-01-14 14:10:05,purchase
1033,,2023-01-02 10:00:13,purchase
1463,,2023-02-26 15:55:29,purchase
1314,,2023-02-24 11:24:31,purchase
1834,Campaign_2,2023-02-03 23:47:06,purchase
1928,,2023-01-04 21:41:44,purchase
1768,Campaign_2,2023-02-03 10:47:11,purchase
1284,,2023-02-01 05:14:00,purchase
1791,,2023-02-12 07:52:20,purchase
1548,Campaign_2,2023-02-06 04:50:36,purchase
1199,Campaign_1,2023-01-13 09:42:34,purchase
1970,Campaign_2,2023-02-23 19:22:34,purchase
1844,Campaign_1,2023-01-08 11:48:18,purchase
1312,,2023-01-10 21:09:15,purchase
1995,,2023-01-03 05:46:22,purchase
1868,Campaign_1,2023-01-16 11:33:24,purchase
1464,,2023-02-21 00:34:27,purchase
1940,,2023-02-28 15:16:04,purchase
1231,,2023-02-15 09:23:45,purchase
1323,,2023-01-15 21:46:26,purchase
1660,Campaign_1,2023-02-03 05:29:12,purchase
1409,Campaign_3,2023-02-06 02:47:58,purchase
1132,Campaign_1,2023-01-19 10:08:20,purchase
1773,Campaign_3,2023-01-15 03:57:11,purchase
1201,,2023-01-06 18:59:02,purchase
1022,,2023-01-16 20:53:57,purchase
1631,,2023-01-03 05:13:02,purchase
1416,,2023-02-01 01:12:46,purchase
1696,Campaign_2,2023-01-07 07:32:18,purchase
1298,Campaign_3,2023-02-09 10:15:40,purchase
1139,Campaign_2,2023-02-23 06:43:09,purchase
1338,,2023-01-29 06:42:14,purchase
1260,,2023-01-20 19:50:26,purchase
1036,Campaign_1,2023-02-22 00:34:26,purchase
1719,,2023-02-26 16:36:38,purchase
1568,,2023-01-22 16:52:45,purchase
1605,,2023-01-27 07:33:16,purchase
1570,,2023-02-17 09:07:00,purchase
1302,Campaign_2,2023-01-19 14:24:25,purchase
1362,Campaign_1,2023-02-10 08:26:29,purchase
1095,,2023-02-14 01:00:23,purchase
1733,,2023-01-08 05:58:33,purchase
1953,Campaign_3,2023-02-21 10:10:03,purchase
1481,,2023-01-26 22:40:00,purchase
1621,,2023-01-25 23:04:58,purchase
1426,,2023-01-23 02:31:24,purchase
1272,,2023-02-20 21:01:52,purchase
1710,Campaign_2,2023-01-25 04:41:38,purchase
1461,,2023-01-14 23:32:40,purchase
1833,,2023-01-06 15:10:42,purchase
1709,Campaign_2,2023-01-27 13:28:54,purchase
1801,,2023-01-25 14:25:53,purchase
1813,Campaign_2,2023-01-03 08:47:25,purchase
1160,,2023-01-02 06:04:41,purchase
1490,,2023-01-25 21:00:12,purchase
1351,,2023-01-19 22:29:15,purchase
1186,Campaign_1,2023-01-04 20:57:32,purchase
1399,Campaign_1,2023-02-22 15:09:49,purchase
1341,,2023-02-04 16:43:34,purchase
1375,,2023-01-30 09:05:09,purchase
1421,,2023-02-18 14:18:55,purchase
1963,,2023-01-05 16:47:12,purchase
1467,Campaign_1,2023-02-02 05:41:57,purchase
1487,Campaign_2,2023-02-12 16:04:53,purchase
1690,,2023-01-25 22:40:32,purchase
1435,Campaign_1,2023-02-24 09:16:52,purchase
1255,Campaign_1,2023-01-29 00:37:38,purchase
1829,,2023-02-05 06:37:40,purchase
1788,Campaign_2,2023-02-09 20:40:05,purchase
1672,,2023-02-17 14:01:26,purchase
1456,,2023-01-20 10:39:32,purchase
1025,Campaign_2,2023-01-07 07:06:06,purchase
1972,,2023-01-09 00:30:06,purchase
1398,Campaign_1,2023-01-13 13:28:28,purchase
1838,,2023-02-05 07:00:50,purchase
1015,,2023-01-02 17:55:42,purchase
1182,Campaign_1,2023-01-11 18:19:03,purchase
1966,Campaign_3,2023-02-06 08:36:05,purchase
1076,Campaign_3,2023-02-28 10:34:06,purchase
1177,,2023-02-04 03:17:53,purchase
1026,,2023-02-19 17:51:12,purchase
1525,Campaign_1,2023-01-10 11:23:50,purchase
1532,,2023-02-03 11:56:47,purchase
1321,Campaign_1,2023-01-22 02:45:29,purchase
1664,Campaign_2,2023-01-21 13:43:03,purchase
1408,,2023-01-27 21:24:59,purchase
1332,,2023-01-17 23:18:08,purchase
1523,,2023-02-20 10:41:40,purchase
1598,Campaign_1,2023-01-05 17:51:28,purchase
1386,Campaign_1,2023-02-21 23:54:55,purchase
1498,Campaign_1,2023-01-07 13:26:34,purchase
1902,,2023-02-27 16:41:45,purchase
1701,,2023-01-06 21:44:13,purchase
1370,,2023-02-27 00:33:22,purchase
1240,Campaign_3,2023-02-20 16:26:23,purchase
1317,,2023-02-23 20:16:08,purchase
1949,,2023-02-26 16:04:21,purchase
1135,Campaign_2,2023-02-12 02:11:27,purchase
1138,Campaign_1,2023-02-21 09:29:38,purchase
1251,,2023-02-25 09:30:44,purchase
1121,,2023-02-15 03:53:09,purchase
1580,,2023-02-25 02:37:50,purchase
1912,,2023-01-20 07:02:36,purchase
1367,,2023-01-03 03:41:10,purchase
1634,,2023-01-26 04:41:15,purchase
1815,,2023-02-21 03:10:42,purchase
1259,Campaign_1,2023-02-04 19:32:24,purchase
1070,Campaign_3,2023-01-31 01:35:13,purchase
1835,,2023-01-01 13:42:16,purchase
1110,Campaign_2,2023-02-11 03:05:45,purchase
1622,,2023-02-25 22:14:46,purchase
1929,Campaign_1,2023-02-01 04:12:30,purchase
1936,Campaign_1,2023-01-29 21:38:34,purchase
1814,Campaign_3,2023-01-27 12:20:47,purchase
1612,,2023-02-05 16:42:00,purchase
1736,Campaign_2,2023-01-16 07:01:24,purchase
1283,,2023-01-25 01:02:20,purchase
1705,Campaign_3,2023-02-09 06:07:57,purchase
1754,Campaign_1,2023-01-02 11:12:28,purchase
1046,,2023-01-26 22:20:37,purchase
1383,Campaign_2,2023-01-21 15:47:13,purchase
1235,Campaign_1,2023-01-18 18:29:02,purchase
1739,Campaign_2,2023-02-16 08:07:55,purchase
1892,Campaign_2,2023-02-13 21:27:08,purchase
1596,,2023-02-18 05:56:41,purchase
1904,,2023-02-28 17:03:04,purchase
1003,,2023-02-23 12:14:14,purchase
1967,Campaign_3,2023-02-10 03:15:08,purchase
1242,,2023-01-01 11:48:28,purchase
1007,Campaign_3,2023-02-07 00:15:07,purchase
1403,,2023-01-17 05:33:57,purchase
1333,Campaign_2,2023-02-28 07:41:23,purchase
1050,Campaign_3,2023-02-18 12:09:27,purchase
1504,,2023-01-29 04:40:36,purchase
1558,Campaign_2,2023-02-24 12:59:45,purchase
1726,Campaign_2,2023-01-27 12:32:57,purchase
1009,Campaign_1,2023-02-05 23:52:47,purchase
1545,,2023-02-10 19:56:39,purchase
1031,,2023-02-22 16:12:24,purchase
1716,,2023-01-22 14:47:09,purchase
1377,,2023-02-08 17:12:11,purchase
1419,,2023-02-01 23:25:03,purchase
1318,,2023-01-24 07:24:14,purchase
1127,Campaign_2,2023-01-11 20:06:05,purchase
1427,,2023-01-01 10:39:08,purchase
1480,Campaign_2,2023-01-11 01:49:21,purchase
1546,Campaign_2,2023-02-28 12:02:56,purchase
1262,Campaign_1,2023-02-07 03:02:28,purchase
1513,,2023-01-07 23:42:12,purchase
1666,,2023-01-10 04:39:46,purchase
1171,Campaign_1,2023-01-04 21:26:32,purchase
1737,Campaign_2,2023-01-29 09:41:58,purchase
1686,Campaign_1,2023-02-28 01:25:14,purchase
1052,Campaign_1,2023-01-14 09:03:08,purchase
1693,,2023-02-25 18:48:11,purchase
1018,,2023-02-13 04:39:23,purchase
1806,Campaign_2,2023-01-20 11:49:12,purchase
1067,,2023-02-16 02:32:22,purchase
1722,,2023-01-12 21:40:20,purchase
1048,,2023-02-28 10:26:23,purchase
1667,Campaign_1,2023-02-12 04:58:05,purchase
1781,Campaign_2,2023-01-31 02:30:20,purchase
1541,,2023-01-08 02:06:10,purchase
1711,Campaign_2,2023-01-18 01:39:19,purchase
1715,Campaign_2,2023-02-28 11:51:14,purchase
1520,,2023-01-07 17:45:10,purchase
1630,Campaign_2,2023-01-21 01:15:38,purchase
1254,,2023-02-20 23:23:07,purchase
1680,Campaign_1,2023-01-25 04:12:27,purchase
1474,Campaign_2,2023-02-24 14:57:18,purchase
1766,,2023-02-08 21:29:46,purchase
1588,Campaign_1,2023-01-24 09:46:07,purchase
1790,Campaign_2,2023-02-03 23:04:21,purchase
1869,,2023-01-04 07:42:25,purchase
1075,Campaign_1,2023-02-20 15:33:47,purchase
1146,Campaign_1,2023-02-01 07:23:07,purchase
1554,Campaign_2,2023-02-16 07:46:26,purchase
1617,Campaign_2,2023-01-27 07:59:39,purchase
1339,,2023-02-12 15:28:12,purchase
1945,,2023-02-10 10:40:00,purchase
1142,,2023-01-14 14:37:57,purchase
1842,,2023-02-14 02:24:10,purchase
1677,,2023-02-27 02:03:46,purchase
1824,,2023-02-04 20:02:50,purchase
1968,,2023-01-23 02:01:39,purchase
1122,Campaign_1,2023-01-13 21:34:23,purchase
1225,,2023-01-26 23:38:07,purchase
1266,Campaign_1,2023-02-13 08:34:44,purchase
1755,Campaign_2,2023-01-21 02:13:47,purchase
1741,,2023-01-07 22:23:19,purchase
1629,Campaign_1,2023-02-16 05:40:27,purchase
1845,,2023-02-18 06:20:19,purchase
1308,Campaign_1,2023-01-22 01:57:16,purchase
1433,,2023-01-27 13:55:32,purchase
1154,,2023-02-19 12:16:09,purchase
1476,,2023-01-22 22:57:35,purchase
1253,,2023-01-06 00:25:00,purchase
1081,,2023-01-02 07:37:00,purchase
1278,Campaign_1,2023-01-26 08:30:58,purchase
1526,Campaign_1,2023-02-11 22:26:01,purchase
1551,Campaign_1,2023-01-10 04:43:01,purchase
1382,Campaign_3,2023-01-15 13:33:16,purchase
1482,Campaign_2,2023-01-24 18:56:32,purchase
1647,,2023-01-14 03:33:21,purchase
1633,Campaign_1,2023-01-13 21:11:44,purchase
1918,Campaign_2,2023-02-21 12:08:16,purchase
1984,Campaign_1,2023-02-07 16:38:23,purchase
1207,,2023-02-13 15:26:01,purchase
1473,,2023-01-19 01:20:15,purchase
1089,,2023-01-19 07:56:11,purchase
1850,,2023-02-10 20:18:02,purchase
1297,,2023-01-10 02:01:34,purchase
1527,,2023-01-29 18:10:08,purchase
1442,Campaign_2,2023-02-10 11:24:30,purchase
1072,,2023-01-08 20:54:58,purchase
1536,,2023-02-09 17:21:21,purchase
1326,Campaign_1,2023-01-22 23:16:17,purchase
1083,Campaign_1,2023-02-24 15:50:05,purchase
1981,Campaign_1,2023-01-01 01:33:11,purchase
1047,,2023-02-08 01:48:32,purchase
1397,Campaign_1,2023-02-06 11:35:58,purchase
1173,Campaign_1,2023-02-13 21:28:24,purchase
1986,Campaign_2,2023-01-10 00:25:38,purchase
1423,Campaign_2,2023-02-19 10:33:56,purchase
1484,,2023-01-27 09:40:38,purchase
1237,Campaign_3,2023-02-16 03:46:51,purchase
1071,Campaign_2,2023-02-07 04:51:41,purchase
1238,,2023-01-08 05:10:01,purchase
1002,,2023-02-28 09:19:43,purchase
1373,Campaign_2,2023-01-28 20:29:56,purchase
1104,Campaign_1,2023-01-01 18:31:46,purchase
1603,Campaign_2,2023-02-12 17:28:22,purchase
1347,,2023-01-09 04:53:48,purchase
1800,Campaign_2,2023-02-16 14:47:47,purchase
1197,,2023-01-05 01:25:49,purchase
1164,,2023-02-18 02:35:06,purchase
1817,,2023-01-17 18:24:32,purchase
1564,Campaign_2,2023-02-03 07:42:55,purchase
1074,Campaign_3,2023-02-20 14:50:34,purchase
1855,Campaign_1,2023-01-31 03:24:02,purchase
1309,Campaign_1,2023-02-23 21:27:34,purchase
1429,Campaign_2,2023-02-15 01:51:58,purchase
1533,Campaign_1,2023-01-08 19:21:54,purchase
1720,,2023-02-03 04:45:51,purchase
1291,,2023-02-21 19:12:22,purchase
1540,Campaign_2,2023-02-05 16:48:28,purchase
1267,,2023-01-12 21:49:49,purchase
1689,Campaign_2,2023-01-20 11:42:42,purchase
1060,,2023-01-16 16:22:16,purchase
1753,Campaign_2,2023-01-24 02:37:10,purchase
1478,Campaign_3,2023-01-30 11:31:34,purchase
1327,,2023-01-10 18:31:15,purchase
1004,Campaign_2,2023-02-24 05:10:55,purchase
1395,Campaign_1,2023-01-12 00:06:47,purchase
1535,,2023-01-09 10:59:09,purchase
1528,Campaign_1,2023-01-04 00:05:11,purchase
1602,Campaign_2,2023-01-31 11:35:41,purchase
1908,Campaign_2,2023-01-30 22:21:34,purchase
1581,,2023-01-11 02:01:22,purchase
1195,Campaign_3,2023-01-09 07:05:58,purchase
1172,,2023-02-27 00:15:14,purchase
1124,Campaign_3,2023-02-19 20:33:55,purchase
1380,,2023-01-10 23:17:40,purchase
1924,,2023-01-15 01:42:39,purchase
1702,,2023-01-05 01:31:15,purchase
1549,,2023-02-15 19:38:26,purchase
1056,Campaign_2,2023-01-27 05:22:25,purchase
1642,,2023-02-21 19:45:34,purchase
2000,Campaign_2,2023-01-16 06:29:30,purchase
1514,Campaign_1,2023-01-28 23:36:05,purchase
1078,Campaign_1,2023-02-13 08:14:55,purchase
1437,Campaign_2,2023-02-28 17:54:51,purchase
1415,,2023-01-19 12:09:12,purchase
1049,,2023-01-13 06:03:04,purchase
1762,Campaign_3,2023-01-02 00:23:58,purchase
1982,,2023-01-05 14:35:53,purchase
1738,Campaign_2,2023-01-13 11:27:26,purchase
1847,,2023-02-02 07:04:19,purchase
1586,,2023-01-19 00:03:39,purchase
1812,,2023-02-25 22:37:01,purchase
1462,,2023-02-12 06:00:03,purchase
1915,Campaign_1,2023-02-11 21:50:43,purchase
1105,,2023-01-19 06:40:29,purchase
1774,,2023-02-03 05:59:16,purchase
1305,Campaign_1,2023-01-11 15:25:33,purchase
1911,,2023-01-14 14:01:00,purchase
1439,,2023-01-02 00:37:38,purchase
1713,,2023-01-02 19:35:25,purchase
1454,,2023-01-24 12:24:40,purchase
1550,,2023-01-31 05:36:37,purchase
1679,,2023-01-14 08:14:17,purchase
1734,,2023-02-05 19:18:58,purchase
1489,Campaign_1,2023-01-25 17:51:05,purchase
1620,Campaign_1,2023-02-27 10:29:26,purchase
1721,,2023-02-13 10:25:34,purchase
1065,Campaign_2,2023-02-04 20:12:30,purchase
1357,Campaign_1,2023-01-20 06:48:35,purchase
1379,,2023-02-24 00:21:24,purchase
1530,Campaign_3,2023-01-22 13:28:13,purchase
1635,Campaign_1,2023-01-01 10:13:07,purchase
1832,,2023-02-21 22:12:43,purchase
1396,Campaign_2,2023-02-01 07:31:51,purchase
1985,,2023-01-21 23:12:04,purchase
1872,,2023-01-16 15:08:33,purchase
1933,,2023-02-16 03:48:15,purchase
1477,Campaign_2,2023-02-09 11:35:31,purchase
1760,Campaign_1,2023-01-19 09:16:11,purchase
1167,,2023-02-18 10:22:42,purchase
1137,,2023-01-22 11:19:15,purchase
1973,Campaign_1,2023-01-30 22:23:58,purchase
1797,Campaign_2,2023-02-19 01:43:53,purchase
1786,,2023-01-25 20:46:32,purchase
1615,,2023-01-24 18:31:54,purchase
1043,,2023-01-22 09:49:47,purchase
1516,Campaign_2,2023-01-21 14:14:43,purchase
1300,,2023-01-31 17:48:11,purchase
1220,,2023-01-16 02:05:30,purchase
1405,Campaign_2,2023-02-06 17:20:30,purchase
1376,,2023-01-05 17:23:58,purchase
1158,Campaign_1,2023-01-03 12:54:18,purchase
1414,,2023-02-08 02:42:40,purchase
1725,Campaign_1,2023-02-02 21:44:04,purchase
1038,,2023-01-20 07:30:00,purchase
1282,,2023-02-10 21:32:01,purchase
1723,Campaign_1,2023-02-04 02:58:24,purchase
1877,,2023-01-22 13:20:54,purchase
1649,,2023-02-10 17:13:36,purchase
1184,Campaign_2,2023-01-06 21:47:24,purchase
1471,,2023-02-16 20:48:01,purchase
1363,Campaign_2,2023-02-05 03:14:21,purchase
1011,Campaign_2,2023-02-11 11:57:10,purchase
1731,,2023-02-22 22:22:30,purchase
1156,,2023-01-02 10:25:42,purchase
1885,Campaign_2,2023-02-12 05:50:41,purchase
1400,Campaign_2,2023-02-28 21:06:44,purchase
1937,Campaign_2,2023-02-05 05:44:29,purchase
1946,,2023-02-17 19:44:27,purchase
1883,,2023-02-15 08:17:17,purchase
1014,,2023-02-07 12:37:28,purchase
1543,,2023-01-28 11:10:50,purchase
1223,Campaign_2,2023-01-06 16:26:59,purchase
1770,,2023-02-16 19:17:27,purchase
1441,,2023-01-14 05:06:22,purchase
1088,,2023-01-18 10:52:00,purchase
1180,Campaign_1,2023-01-12 13:39:30,purchase
1125,Campaign_1,2023-01-12 07:02:33,purchase
1730,Campaign_1,2023-02-21 04:40:02,purchase
1616,Campaign_1,2023-02-17 10:40:11,purchase
1034,,2023-01-17 09:54:45,purchase
1539,,2023-02-09 02:43:58,purchase
1289,Campaign_2,2023-02-28 17:10:01,purchase
1470,,2023-01-21 06:25:17,purchase
1975,Campaign_3,2023-02-08 03:48:58,purchase
1356,,2023-02-22 13:01:13,purchase
1508,,2023-02-08 05:14:40,purchase
1041,,2023-02-12 00:33:10,purchase
1232,Campaign_2,2023-01-16 06:37:07,purchase
1626,Campaign_2,2023-01-16 08:00:42,purchase
1746,Campaign_2,2023-01-24 07:37:34,purchase
1798,,2023-02-12 11:44:20,purchase
1882,Campaign_1,2023-01-02 09:11:42,purchase
1732,,2023-02-25 09:57:11,purchase
1876,,2023-01-24 02:19:07,purchase
1335,Campaign_2,2023-02-12 01:33:55,purchase
1983,Campaign_1,2023-02-14 17:42:14,purchase
1506,,2023-02-07 16:13:23,purchase
1053,,2023-01-14 01:50:00,purchase
1348,,2023-01-31 10:46:00,purchase
1387,Campaign_1,2023-01-29 00:47:07,purchase
1307,Campaign_2,2023-01-02 21:14:03,purchase
1277,,2023-02-21 02:18:08,purchase
1497,,2023-01-14 07:10:40,purchase
1340,Campaign_3,2023-01-22 03:34:35,purchase
1144,Campaign_2,2023-01-24 09:42:14,purchase
1245,,2023-02-25 14:42:35,purchase
1547,,2023-01-08 11:42:48,purchase
1747,,2023-01-22 08:57:31,purchase
1764,,2023-01-29 15:48:59,purchase
1907,Campaign_1,2023-02-19 10:01:27,purchase
1059,,2023-02-04 08:40:29,purchase
1005,,2023-01-27 07:06:33,purchase
1166,Campaign_2,2023-01-14 22:04:36,purchase
1765,,2023-01-24 02:51:28,purchase
1434,Campaign_2,2023-02-20 05:51:54,purchase
1925,,2023-01-08 21:35:15,purchase
1856,Campaign_1,2023-02-19 22:28:27,purchase
1572,Campaign_1,2023-01-04 14:03:47,purchase
1505,Campaign_1,2023-02-05 05:51:24,purchase
1879,Campaign_2,2023-01-01 01:15:22,purchase
1565,Campaign_1,2023-02-10 11:32:01,purchase
1751,Campaign_2,2023-01-15 19:10:56,purchase
1655,Campaign_2,2023-02-11 15:37:51,purchase
1923,Campaign_1,2023-02-05 08:48:27,purchase
1151,Campaign_3,2023-02-27 17:26:00,purchase
1460,Campaign_1,2023-01-22 20:53:09,purchase
1346,Campaign_2,2023-01-19 05:48:04,purchase
1130,Campaign_3,2023-01-26 09:01:58,purchase
1582,,2023-02-12 05:14:38,purchase
1706,,2023-01-03 17:59:58,purchase
1042,,2023-02-17 03:09:37,purchase
1627,,2023-01-04 09:24:50,purchase
1896,,2023-01-07 18:28:18,purchase
1839,,2023-01-25 13:36:42,purchase
1192,Campaign_2,2023-01-14 07:01:42,purchase
1488,,2023-01-11 21:28:23,purchase
1954,Campaign_1,2023-01-19 22:29:41,purchase
1651,Campaign_2,2023-02-08 19:26:23,purchase
1521,Campaign_2,2023-01-22 09:38:52,purchase
1412,Campaign_2,2023-02-05 10:58:28,purchase
1131,,2023-01-19 21:34:22,purchase
1600,,2023-01-16 17:23:40,purchase
1087,,2023-02-19 15:03:01,purchase
1584,Campaign_1,2023-02-01 04:42:59,purchase
1153,,2023-02-10 21:08:09,purchase
1176,Campaign_2,2023-01-11 00:54:21,purchase
1687,,2023-02-21 10:58:47,purchase
1010,,2023-01-13 21:48:59,purchase
1897,Campaign_2,2023-02-24 23:20:20,purchase
1991,,2023-02-08 00:53:14,purchase
1472,,2023-01-05 19:26:32,purchase
1916,,2023-02-05 21:17:27,purchase
1958,,2023-02-19 19:46:41,purchase
1858,Campaign_3,2023-01-11 07:38:46,purchase
1248,,2023-02-05 14:35:21,purchase
1837,,2023-02-01 09:20:58,purchase
1623,,2023-02-19 20:20:39,purchase
1051,,2023-01-19 11:18:57,purchase
1569,Campaign_3,2023-01-31 03:21:25,purchase
1537,Campaign_1,2023-02-21 21:28:30,purchase
1934,Campaign_1,2023-01-26 14:44:43,purchase
1265,,2023-01-05 06:04:37,purchase
1436,Campaign_1,2023-01-21 21:57:25,purchase
1810,Campaign_1,2023-02-09 14:37:29,purchase
1228,,2023-02-13 08:46:44,purchase
1604,Campaign_3,2023-02-27 07:15:45,purchase
1448,Campaign_3,2023-02-20 04:07:12,purchase
1802,,2023-01-05 03:13:23,purchase
1999,,2023-01-16 21:28:40,purchase
1862,,2023-01-16 16:53:25,purchase
1653,Campaign_3,2023-01-16 20:13:24,purchase
1576,,2023-01-30 01:40:30,purchase
1143,,2023-01-19 20:29:19,purchase
1822,Campaign_1,2023-01-21 11:33:25,purchase
1249,,2023-02-13 02:38:14,purchase
1590,,2023-01-24 06:46:32,purchase
1066,,2023-02-21 02:07:37,purchase
1827,Campaign_3,2023-02-01 05:32:41,purchase
1595,Campaign_1,2023-02-25 15:03:05,purchase
1077,Campaign_1,2023-02-02 05:23:48,purchase
1890,Campaign_1,2023-02-16 03:53:34,purchase
1168,,2023-01-01 19:53:22,purchase
1503,Campaign_2,2023-01-05 13:47:49,purchase
1898,Campaign_1,2023-01-25 18:44:43,purchase
1828,Campaign_3,2023-02-14 22:14:19,purchase
1039,,2023-01-31 06:07:22,purchase
1917,,2023-01-26 06:56:07,purchase
1512,,2023-02-11 12:06:25,purchase
1559,Campaign_1,2023-01-01 16:02:46,purchase
1727,,2023-01-20 22:07:25,purchase
1061,Campaign_2,2023-02-07 00:42:29,purchase
1707,Campaign_3,2023-01-14 18:14:25,purchase
1483,,2023-01-31 20:23:06,purchase
1583,Campaign_3,2023-01-09 16:47:11,purchase
1422,,2023-02-12 13:22:29,purchase
1585,,2023-01-13 14:14:20,purchase
1035,,2023-02-27 03:05:12,purchase
1875,Campaign_2,2023-02-14 12:16:48,purchase
1118,,2023-01-29 02:38:26,purchase
1390,Campaign_2,2023-02-26 22:18:33,purchase
1276,Campaign_1,2023-01-24 00:38:39,purchase
1688,Campaign_1,2023-01-10 06:13:53,purchase
1227,,2023-01-20 23:41:48,purchase
1826,Campaign_2,2023-02-06 07:43:44,purchase
1206,,2023-01-08 16:43:38,purchase
1221,Campaign_3,2023-01-02 02:13:24,purchase
1273,Campaign_3,2023-02-10 17:58:37,purchase
1894,,2023-02-02 05:18:28,purchase
1780,,2023-02-15 23:38:07,purchase
1101,Campaign_1,2023-02-01 06:09:08,purchase
1112,Campaign_2,2023-02-24 04:37:37,purchase
1086,,2023-01-19 19:09:35,purchase
1831,Campaign_1,2023-02-20 07:15:12,purchase
1825,,2023-02-20 04:12:19,purchase
1344,Campaign_2,2023-02-24 11:47:45,purchase
1643,Campaign_2,2023-02-24 12:02:38,purchase
1432,,2023-01-01 05:05:01,purchase
1499,Campaign_2,2023-01-03 14:35:01,purchase
1117,,2023-02-26 01:52:20,purchase
1947,Campaign_3,2023-01-28 23:04:11,purchase
1816,,2023-01-05 14:50:13,purchase
1465,Campaign_3,2023-01-27 12:19:29,purchase
1485,,2023-01-14 01:00:36,purchase
1511,Campaign_1,2023-01-15 23:41:20,purchase
1509,,2023-01-14 23:02:22,purchase
