order_id,order_date,order_amount
1,2023-02-07,663.4249108538143
2,2023-02-13,1373.0312571332033
3,2023-01-13,714.409280040372
4,2023-01-09,217.47367383466982
5,2023-01-10,1235.8133020369683
6,2023-01-12,754.026101002479
7,2023-01-06,472.72531133382165
8,2023-01-16,1948.3099611186442
9,2023-01-01,496.95008221811446
10,2023-01-17,1509.0237940578988
11,2023-01-02,1803.3035446883234
12,2023-01-13,1745.6872083085016
13,2023-01-08,531.6627208852042
14,2023-02-15,626.2553606496307
15,2023-01-07,233.05274570463035
16,2023-01-26,1876.5298410767377
17,2023-02-20,1796.8181179831515
18,2023-01-21,1271.839104145177
19,2023-02-07,396.8617799123366
20,2023-01-19,512.3767643165028
21,2023-01-21,1238.5286676786952
22,2023-01-12,652.9825523002609
23,2023-02-12,740.3092998248873
24,2023-01-29,507.77722809743307
25,2023-01-30,541.2650943309767
26,2023-01-15,1034.1580779028125
27,2023-02-20,1117.7731507311846
28,2023-01-05,1120.8438013965188
29,2023-01-24,1994.8498388604576
30,2023-01-24,433.27247108625164
31,2023-02-11,1561.1057990979236
32,2023-02-19,1628.7621450048066
33,2023-02-25,1252.7886777869371
34,2023-01-31,1032.9287244847856
35,2023-02-02,1808.167947230503
36,2023-01-23,1690.7243943316244
37,2023-01-14,290.5236848516667
38,2023-02-11,1933.3707555581373
39,2023-01-10,213.21180515655885
40,2023-01-08,1231.6379684310955
41,2023-01-23,1230.3754704687308
42,2023-02-27,1701.8833966229304
43,2023-01-02,892.4889222656761
44,2023-01-01,363.8735642827679
45,2023-01-18,1247.0370848640646
46,2023-01-09,244.72254865471626
47,2023-01-25,851.2323696328905
48,2023-01-14,1973.5702437535813
49,2023-02-21,1763.801965199036
50,2023-02-17,474.4941351701698
51,2023-02-12,1637.886960300948
52,2023-02-27,1659.7944549587482
53,2023-01-09,1870.7729944289167
54,2023-01-31,603.8916788791721
55,2023-01-08,1098.141454099928
56,2023-01-04,1689.3993645399366
57,2023-01-07,1401.2008129967555
58,2023-01-22,1269.0850580907852
59,2023-02-19,1373.5564773873355
60,2023-02-27,629.3288230382234
61,2023-01-04,245.97215277642334
62,2023-01-05,1525.2630634037612
63,2023-01-25,788.2252855955796
64,2023-02-19,878.1623964562635
65,2023-02-13,1302.7088974691974
66,2023-01-13,1382.8970762543306
67,2023-01-27,565.2180211211164
68,2023-02-22,1686.856768121754
69,2023-01-17,884.371889441863
70,2023-02-15,1337.1399353025047
71,2023-02-21,1939.5405481741589
72,2023-02-11,1216.6152234799451
73,2023-01-19,846.0400552199424
74,2023-01-16,1314.146195732256
75,2023-01-01,1103.227612513705
76,2023-01-05,1014.2772460001328
77,2023-01-26,1518.0873225612834
78,2023-02-17,1864.1182699713847
79,2023-02-04,1062.6885475104611
80,2023-01-24,358.81427180017243
81,2023-01-08,1225.376402031333
82,2023-01-27,640.911539206702
83,2023-01-26,271.2402406556645
84,2023-02-10,1618.6523719586296
85,2023-01-23,690.9828259966187
86,2023-01-10,1598.726887296291
87,2023-01-04,1078.7760975587687
88,2023-02-09,772.2846039352075
89,2023-01-24,765.2458100916142
90,2023-02-06,275.644568155006
91,2023-01-28,1161.9197064281911
92,2023-02-07,1682.3928007941686
93,2023-02-27,351.0116344988803
94,2023-01-20,395.4056700956917
95,2023-02-08,1152.6606683618907
96,2023-01-09,1388.2552573224743
97,2023-02-02,1450.542786205991
98,2023-02-04,763.7990512643948
99,2023-01-11,267.9999964510637
100,2023-01-24,946.2131834463108
101,2023-01-16,606.8795075755295
102,2023-02-17,202.00669445433198
103,2023-01-24,1434.289830006326
104,2023-01-26,1913.7125702981598
105,2023-01-08,904.0731689630508
106,2023-02-21,740.5371728686337
107,2023-01-29,1196.7532626985314
108,2023-01-11,1733.5572645167865
109,2023-02-16,1630.9413644472618
110,2023-02-02,1432.5620689614377
111,2023-01-25,977.7927643394717
112,2023-01-24,1442.7812357377647
113,2023-02-25,588.8456322528928
114,2023-01-02,711.0981881232442
115,2023-02-19,1600.0770996206918
116,2023-01-14,1873.9642454234418
117,2023-01-04,542.0891065100417
118,2023-01-01,732.9139209528187
119,2023-02-26,211.17848094292896
120,2023-01-14,976.812041504723
121,2023-01-07,578.5311291546818
122,2023-02-22,1354.5646085965186
123,2023-01-22,1477.260588220595
124,2023-01-07,413.7998859172731
125,2023-01-03,347.8592036574769
126,2023-01-13,1831.4031252446046
127,2023-01-28,900.6297585337351
128,2023-01-22,1160.126295078826
129,2023-01-12,1933.8348168446068
130,2023-01-08,1566.2972219894034
131,2023-01-14,785.9725356781811
132,2023-01-09,354.5287420165284
133,2023-01-12,1164.8432300391398
134,2023-01-13,805.025797287196
135,2023-02-13,239.03372814698344
136,2023-01-21,1588.0741998568017
137,2023-01-31,892.8364337371692
138,2023-02-06,1228.378070105724
139,2023-02-09,1560.3371404332147
140,2023-01-08,1893.5253558218822
141,2023-02-15,1302.1802096323206
142,2023-01-05,767.7131218042576
143,2023-02-27,398.13771412463234
144,2023-02-18,333.05399824028996
145,2023-01-19,775.4433929709131
146,2023-02-02,1389.510450120809
147,2023-01-14,1451.2737165098426
148,2023-01-11,573.8924721133778
149,2023-01-24,349.0326894590254
150,2023-01-18,749.919190314856
151,2023-01-08,1185.634207738231
152,2023-02-27,1558.4054140547564
153,2023-01-25,1153.3831770260767
154,2023-01-11,716.5707549447342
155,2023-01-29,1323.5235018750398
156,2023-01-21,676.7059793171525
157,2023-02-02,1374.8472458021415
158,2023-01-13,1715.416414088128
159,2023-01-02,1350.106076663177
160,2023-01-31,1218.136644158121
161,2023-02-11,752.8557966875503
162,2023-01-25,1778.1986718883302
163,2023-01-19,1979.8793924911392
164,2023-02-21,1599.4629761778938
165,2023-02-03,1232.5589436267544
166,2023-01-03,454.302798753803
167,2023-02-14,766.8722403066864
168,2023-01-29,860.3467734641307
169,2023-02-09,725.4113978494385
170,2023-02-04,1002.71506654807
171,2023-01-11,1299.1385303617624
172,2023-02-24,583.2462629272945
173,2023-02-02,649.5675577160669
174,2023-02-11,401.8708697979742
175,2023-01-19,753.6594605146445
176,2023-01-23,1095.406901452358
177,2023-01-07,1081.6540124781588
178,2023-01-03,1992.038981323513
179,2023-01-08,1965.9954135145285
180,2023-02-09,985.8129890260578
181,2023-02-18,1949.6371192225713
182,2023-02-24,585.9162275164654
183,2023-01-16,1174.017594996116
184,2023-01-06,1016.183566045517
185,2023-01-18,1941.6960155225831
186,2023-02-12,1705.117201643645
187,2023-01-21,585.4644646053343
188,2023-02-24,991.1703838797041
189,2023-02-18,503.2585489636049
190,2023-01-23,1152.356978819451
191,2023-02-07,1628.2724135006602
192,2023-01-14,264.5824681388301
193,2023-02-19,544.4459795642961
194,2023-02-20,1959.4200159074292
195,2023-02-03,1929.4351508371606
196,2023-02-23,1201.8649863837832
197,2023-01-21,1362.9632986926904
198,2023-01-11,689.7674257278939
199,2023-02-02,1913.7639542831116
200,2023-02-25,1405.594651389032
201,2023-02-26,1400.254391249771
202,2023-01-26,219.98600006586116
203,2023-01-22,1735.3457297294472
204,2023-02-09,1600.9871936243635
205,2023-02-02,1432.8631944286522
206,2023-02-27,1533.407263435253
207,2023-01-20,481.8303642770789
208,2023-01-26,1493.79509512757
209,2023-02-19,374.2731392477781
210,2023-01-15,1472.5090064695414
211,2023-01-14,204.73723302590582
212,2023-01-21,1597.1704174286856
213,2023-02-22,1084.8029326067708
214,2023-02-13,567.8963593361567
215,2023-01-07,1512.6439060017112
216,2023-01-14,768.1774372096895
217,2023-02-26,1790.8716619955212
218,2023-01-16,524.4203454179997
219,2023-01-25,1889.3911777148455
220,2023-01-10,1947.350266495691
221,2023-01-03,748.0734392941954
222,2023-01-08,1752.4755194677416
223,2023-02-23,1715.9224139606179
224,2023-01-06,964.302878170285
225,2023-02-06,854.6319341350126
226,2023-02-07,708.3874518230809
227,2023-02-26,1987.8262120379823
228,2023-01-22,660.3518485134193
229,2023-02-10,1857.21607596642
230,2023-01-14,971.0033847675005
231,2023-01-28,1883.7686222145355
232,2023-02-19,1709.920701556729
233,2023-02-19,480.3991861079231
234,2023-02-17,1233.7100378315897
235,2023-01-14,1412.305426434235
236,2023-02-10,930.4767307982812
237,2023-01-15,208.77868006800787
238,2023-02-15,785.5963935841287
239,2023-01-24,1710.1009063518477
240,2023-01-17,313.08316439108495
241,2023-01-29,389.7555435907709
242,2023-02-12,1463.2172237214486
243,2023-02-15,1125.484881961138
244,2023-01-04,1096.700284990122
245,2023-02-22,872.4974940675309
246,2023-01-03,1286.324510008374
247,2023-01-15,1732.6437803786691
248,2023-02-16,698.4615016441869
249,2023-01-01,1720.5704531185431
250,2023-01-30,949.914467429813
251,2023-01-12,1101.771222309093
252,2023-02-05,1513.3220814227245
253,2023-02-23,665.6990735118932
254,2023-01-30,1858.946453581052
255,2023-02-03,1463.7250356119268
256,2023-01-03,1314.0747615754804
257,2023-01-21,691.415907161452
258,2023-01-20,1452.5272214470026
259,2023-02-18,662.9865472162196
260,2023-02-24,1669.6148065894595
261,2023-02-02,220.65041904123092
262,2023-01-29,499.7677585007722
263,2023-02-25,1204.0921797717062
264,2023-01-19,1482.1057992845037
265,2023-02-01,1086.4651770435985
266,2023-01-29,1780.0571026639102
267,2023-01-31,1956.5658876132445
268,2023-01-11,1035.698721579638
269,2023-01-09,1582.3765630690505
270,2023-02-15,1090.589840900349
271,2023-02-05,1397.1778010044773
272,2023-02-02,604.7749639412583
273,2023-01-09,397.17509098928326
274,2023-01-21,1962.2160876335422
275,2023-01-14,1666.9903874707727
276,2023-02-20,713.6903584091557
277,2023-01-16,1254.491091970258
278,2023-02-11,884.1281695018242
279,2023-01-01,517.4084733857583
280,2023-02-14,953.9032574944871
281,2023-01-20,734.9380295541097
282,2023-01-25,229.92339175923064
283,2023-02-19,897.2629525978572
284,2023-02-12,1857.643406848554
285,2023-01-21,1690.7604656734077
286,2023-02-14,1233.3345593537917
287,2023-01-16,773.5643566046886
288,2023-01-31,616.2757307937875
289,2023-01-28,1920.8352505356809
290,2023-01-15,1216.298178323681
291,2023-02-21,591.6895464064216
292,2023-01-20,649.0676919775212
293,2023-01-27,1927.2731645556544
294,2023-02-13,629.8654399335056
295,2023-01-23,392.0853590399681
296,2023-01-08,531.1314915548045
297,2023-02-05,1579.2046524522543
298,2023-02-23,1475.7756606762705
299,2023-02-17,988.2954645988228
300,2023-02-16,1628.8481128095652
301,2023-02-21,1131.5228458567149
302,2023-02-04,944.4766900323925
303,2023-02-06,411.3954852096613
304,2023-02-06,1791.0399186854288
305,2023-02-02,696.0677859385703
306,2023-01-20,1309.2693019937487
307,2023-01-04,1972.2436021292708
308,2023-01-25,540.9524396787568
309,2023-01-20,1937.3383852274771
310,2023-02-07,1374.8876631662515
311,2023-01-31,431.7168882737858
312,2023-02-08,1589.4688629314871
313,2023-02-17,1913.1964008627685
314,2023-02-09,1213.004989440965
315,2023-01-06,1439.3993595646664
316,2023-01-16,247.42618196596902
317,2023-02-19,1980.3362339143043
318,2023-01-24,773.2228156646286
319,2023-02-02,243.02680285919482
320,2023-02-12,1655.4154708538993
321,2023-01-11,1951.8545931807228
322,2023-01-03,1527.6593178500261
323,2023-01-25,204.92445088172065
324,2023-02-04,314.0489204732636
325,2023-01-31,1251.6849294096453
326,2023-01-18,804.2871939600856
327,2023-01-05,1787.300265353234
328,2023-01-01,1772.6048648424892
329,2023-02-22,1977.5340356679949
330,2023-01-15,1488.4975443306687
331,2023-01-18,1778.3906596555728
332,2023-02-09,775.3702013516947
333,2023-02-05,400.1185134556508
334,2023-01-18,1757.6553904082837
335,2023-01-29,746.250676330745
336,2023-01-23,954.7981367003952
337,2023-02-08,1362.8544627288309
338,2023-02-11,1289.1784414799229
339,2023-01-11,957.6615521267838
340,2023-01-14,895.0709213670684
341,2023-01-07,420.8258753462113
342,2023-01-26,1160.95139174615
343,2023-02-08,619.1373750391928
344,2023-02-18,1558.6541319808305
345,2023-02-18,1414.7670514961
346,2023-02-20,329.468536656586
347,2023-02-14,1980.6764325244405
348,2023-02-11,1604.8224840338144
349,2023-02-24,610.0865964030756
350,2023-01-01,255.3370730294547
351,2023-01-23,1061.0692959290573
352,2023-02-25,834.9363875019333
353,2023-01-17,1183.7206988556104
354,2023-01-20,1387.395119764858
355,2023-01-10,1634.995653245729
356,2023-02-18,224.37982431042974
357,2023-01-29,1485.7319249819811
358,2023-02-21,731.5651389834186
359,2023-02-17,1975.5246361473505
360,2023-01-11,1723.235115058007
361,2023-01-05,1208.7221259526073
362,2023-01-24,1275.9782336783107
363,2023-01-15,545.7362114082032
364,2023-01-22,607.2528594567179
365,2023-02-16,477.22372100831205
366,2023-01-04,880.0643854359952
367,2023-02-26,401.519799814846
368,2023-01-25,1120.2912085416715
369,2023-01-17,1349.2603197227852
370,2023-02-16,419.9822808265699
371,2023-02-24,819.5534460744826
372,2023-01-16,326.6261834333741
373,2023-01-08,1146.3701370897247
374,2023-01-15,1370.5215845654097
375,2023-01-14,1307.8498544751849
376,2023-01-16,1664.9652130570732
377,2023-01-26,624.0192257043566
378,2023-02-23,1312.727315312802
379,2023-01-21,745.0913346187532
380,2023-02-27,359.7818709424562
381,2023-02-28,749.4706488184637
382,2023-01-22,328.4416549003091
383,2023-02-20,1925.4335798354075
384,2023-02-16,1508.8977828684729
385,2023-01-30,382.6295440832073
386,2023-02-14,1615.2847802274684
387,2023-02-07,833.8796481737572
388,2023-01-23,1840.5832525828262
389,2023-01-28,1091.895382544804
390,2023-02-24,1770.8469013727697
391,2023-01-13,596.9536305387027
392,2023-01-13,860.946186625878
393,2023-02-26,860.3064958850889
394,2023-01-27,374.8388268859135
395,2023-01-13,795.8259813184306
396,2023-01-08,1387.4776469098392
397,2023-01-24,1039.778284472733
398,2023-02-09,1782.6168255399762
399,2023-02-13,685.406479502627
400,2023-01-13,838.6748276989678
401,2023-02-20,776.637722271102
402,2023-02-08,1193.1283471190736
403,2023-01-28,538.7949480913181
404,2023-02-18,511.8396887147112
405,2023-01-06,1891.067463575218
406,2023-02-04,877.965884743394
407,2023-02-03,1256.7766427894896
408,2023-02-13,299.27375303388294
409,2023-01-27,453.5443944188603
410,2023-02-26,373.44539335023796
411,2023-01-06,1661.8080223246632
412,2023-01-10,385.6642086502356
413,2023-02-22,1129.3688822231884
414,2023-01-26,480.0402163857334
415,2023-01-28,701.8701597719273
416,2023-02-13,1788.683604505526
417,2023-01-02,1336.868777235639
418,2023-01-19,1934.5928783835259
419,2023-01-31,1279.4858581087874
420,2023-02-02,217.13548918980442
421,2023-01-27,948.1538099367589
422,2023-01-21,240.39515784562363
423,2023-01-31,765.1717904845036
424,2023-02-09,1066.9248752973351
425,2023-01-01,1235.8268140228545
426,2023-01-23,629.5703652720738
427,2023-02-04,1204.9158412057732
428,2023-02-22,910.856241393021
429,2023-01-04,1111.8479375124684
430,2023-01-07,552.7406261765387
431,2023-01-13,482.1528980061763
432,2023-02-09,1558.1306136842954
433,2023-02-08,793.9518118499349
434,2023-01-20,1359.5522465687895
435,2023-02-17,1217.8200738629753
436,2023-02-18,1819.155648594928
437,2023-01-07,1785.230512232627
438,2023-01-14,997.6005205882102
439,2023-02-06,568.5231556860626
440,2023-01-24,1337.9462755252864
441,2023-01-23,1346.3047556237902
442,2023-01-03,1446.351506081485
443,2023-02-28,1833.45176492264
444,2023-01-29,1608.6457604802772
445,2023-02-27,1325.5236845405243
446,2023-02-12,1281.7380717165615
447,2023-02-01,582.9662649226557
448,2023-02-23,1372.4576515961623
449,2023-01-10,1666.1003073978882
450,2023-02-11,1860.1804655352137
451,2023-02-27,1849.9702017456787
452,2023-01-25,1209.9778505707459
453,2023-02-15,667.7011563328779
454,2023-02-24,800.8354222826899
455,2023-01-30,1995.9722580238767
456,2023-02-22,1146.0760187920748
457,2023-01-13,1668.6320111080802
458,2023-01-19,1274.6291380122298
459,2023-02-12,1112.474697190988
460,2023-01-12,827.371307550256
461,2023-02-11,1167.9869508163445
462,2023-02-06,212.12247258956597
463,2023-02-18,1778.034451873833
464,2023-01-17,1210.675666758823
465,2023-01-31,243.70656558442147
466,2023-02-21,1672.7145415960977
467,2023-02-12,443.6379035517318
468,2023-01-21,255.1496565635655
469,2023-02-27,1032.2037274432082
470,2023-02-05,1929.1820515165934
471,2023-02-11,368.50564723518244
472,2023-01-18,318.0773290430777
473,2023-01-03,1783.8840371994625
474,2023-01-22,1678.4696747779192
475,2023-01-30,1675.944960041151
476,2023-02-06,1042.0724860676692
477,2023-02-15,969.4857702089549
478,2023-02-16,921.922949782093
479,2023-01-17,1247.9870758507527
480,2023-01-28,1512.1472048770001
481,2023-01-09,1611.7256042293268
482,2023-01-29,1378.6385376087521
483,2023-01-03,1212.4390964168238
484,2023-02-05,942.3066947965345
485,2023-01-14,775.8471116789382
486,2023-02-11,715.2460270871334
487,2023-02-27,733.1180931255354
488,2023-02-06,1428.9551590959977
489,2023-02-06,1572.3941278872428
490,2023-02-10,1275.7156165819572
491,2023-01-19,601.1550060564095
492,2023-02-03,549.9110369085013
493,2023-02-08,1578.235013787357
494,2023-02-21,1961.6488741550816
495,2023-02-16,228.63793086661255
496,2023-02-10,648.0166555686435
497,2023-01-26,1626.163169187346
498,2023-02-09,1494.4975359560387
499,2023-02-18,642.7639239309826
500,2023-02-07,1198.8062859365214
501,2023-01-03,1254.0544293782373
502,2023-02-04,1498.4916979650134
503,2023-01-29,1034.6126801828618
504,2023-01-15,928.7272487409009
505,2023-01-12,754.4170474776013
506,2023-02-28,628.9560351322809
507,2023-02-12,366.5060446710871
508,2023-01-27,1362.5900973517562
509,2023-02-10,1405.2268073724251
510,2023-01-22,1437.2182530503248
511,2023-02-28,205.6622968358704
512,2023-01-17,988.855458537775
513,2023-01-29,420.5960568404537
514,2023-02-07,1147.8968042713532
515,2023-02-11,1963.5313176233738
516,2023-02-15,1098.6986197340086
517,2023-02-10,874.3699626923374
518,2023-02-12,1664.911986310272
519,2023-01-12,1942.762588840459
520,2023-01-23,716.8220795518316
521,2023-01-07,1645.4000715437016
522,2023-02-02,1993.0545872538855
523,2023-01-15,401.2836315528941
524,2023-02-06,1155.8852382569999
525,2023-01-24,1664.3478430730006
526,2023-01-12,877.3295305824166
527,2023-02-05,1002.3941472945055
528,2023-02-02,1551.62460739622
529,2023-02-16,377.02348210715644
530,2023-01-28,848.9473489936296
531,2023-02-19,1214.6712595156205
532,2023-02-08,629.4540726966508
533,2023-02-28,1711.9167890996591
534,2023-01-01,1578.531786121891
535,2023-01-23,1937.9766432662097
536,2023-02-03,1141.3785350247117
537,2023-01-07,391.74438438306754
538,2023-02-06,1885.9106415106767
539,2023-01-19,1701.6247810934285
540,2023-01-28,1179.9526898058275
541,2023-01-29,1705.3440992937274
542,2023-02-07,1787.0436548370963
543,2023-02-22,1596.9460472604158
544,2023-02-08,1228.2571586763513
545,2023-02-20,1307.537698638948
546,2023-01-31,1719.9032287580458
547,2023-02-27,1319.9899453650808
548,2023-02-20,571.6639265377369
549,2023-02-16,1444.6791623971455
550,2023-01-08,1157.6247501392868
551,2023-01-22,673.8447060203412
552,2023-01-17,201.41577475334554
553,2023-02-09,623.8959703398446
554,2023-01-30,1412.4200563568575
555,2023-01-12,1780.9763594257006
556,2023-02-28,1695.2646246330219
557,2023-01-15,394.59329405931874
558,2023-02-10,328.02496314110886
559,2023-01-31,1570.8661613822092
560,2023-01-09,712.700069812952
561,2023-02-10,689.2454944939184
562,2023-02-18,203.60054109517708
563,2023-01-31,377.37021915299545
564,2023-01-24,444.0746853062356
565,2023-01-03,486.8483712125538
566,2023-01-29,1001.5644847076575
567,2023-01-01,1665.4444665028764
568,2023-02-09,1662.1366076632055
569,2023-01-13,1837.9813190284067
570,2023-01-18,998.4656695166007
571,2023-02-28,1475.678914301024
572,2023-02-03,1079.0014126168076
573,2023-01-11,289.7166046421378
574,2023-01-29,344.77658114518476
575,2023-02-11,642.6962033890503
576,2023-01-12,1966.91911152143
577,2023-01-06,1445.4510126982127
578,2023-01-18,682.4136473431768
579,2023-01-06,1471.273840192369
580,2023-02-27,1390.4230418868253
581,2023-02-12,277.9222895730334
582,2023-01-23,850.6776523551282
583,2023-02-22,1592.7103701241288
584,2023-02-27,341.3412467013864
585,2023-02-26,1791.8914101965688
586,2023-01-15,1875.5629332582048
587,2023-01-24,1735.5539223018018
588,2023-02-28,411.27968738170637
589,2023-02-23,1217.3122670634414
590,2023-01-18,1473.6079060980019
591,2023-01-11,1798.3641618923166
592,2023-01-09,372.3968527396632
593,2023-02-18,1668.3870521887911
594,2023-02-23,700.4293970038077
595,2023-01-20,1266.1172943786448
596,2023-01-13,1495.6322768730554
597,2023-01-26,1598.6344688487518
598,2023-01-14,730.396728197965
599,2023-01-17,1293.277770107975
600,2023-01-05,717.4511735641948
601,2023-01-25,1996.9701505120454
602,2023-02-24,1666.1100942962312
603,2023-01-28,945.1602492848614
604,2023-02-20,1782.4559341956246
605,2023-01-05,1518.5020071952167
606,2023-01-04,1871.744475309961
607,2023-02-28,508.89924964446357
608,2023-01-13,730.7030088575734
609,2023-01-03,368.7260169343559
610,2023-01-13,772.3658570216829
611,2023-02-02,886.1395047437684
612,2023-02-02,1338.8825713137562
613,2023-01-16,1048.735889027449
614,2023-02-06,1491.8041653986845
615,2023-02-28,684.602360303086
616,2023-01-11,511.502094527932
617,2023-01-13,882.4206849956574
618,2023-01-19,988.5465873701382
619,2023-01-31,959.8278220685004
620,2023-01-06,1844.4254359907452
621,2023-01-17,685.2206330245177
622,2023-02-01,833.6781248512824
623,2023-02-02,587.3773882939886
624,2023-02-13,869.4614205276912
625,2023-02-14,901.7397034959962
626,2023-02-01,1235.768702801374
627,2023-02-13,701.0569615203974
628,2023-02-05,667.0861553141266
629,2023-02-14,1494.310511101743
630,2023-01-25,1838.32167363058
631,2023-01-16,419.77427521419474
632,2023-01-22,528.1201473499727
633,2023-01-20,439.5973607766257
634,2023-01-14,1430.4938290480948
635,2023-02-03,585.2175908737886
636,2023-01-05,1288.2288859514726
637,2023-02-09,563.0217226453694
638,2023-01-04,1671.962948647624
639,2023-02-04,768.9928380647566
640,2023-02-04,1405.310176434577
641,2023-02-12,467.7204130446096
642,2023-01-15,750.7018047550888
643,2023-01-19,735.0346015430175
644,2023-02-08,1343.143878581088
645,2023-02-08,1425.584948822006
646,2023-02-28,1721.4475637068826
647,2023-02-18,530.0244321840619
648,2023-02-28,1568.7735757515893
649,2023-01-18,1481.4909241028472
650,2023-01-06,1203.5790453394507
651,2023-02-28,1370.293375368232
652,2023-02-08,361.99118545885494
653,2023-01-28,464.37646830062846
654,2023-02-23,948.0290972899445
655,2023-01-09,1480.467238941845
656,2023-02-10,502.0780945224698
657,2023-01-06,900.1624506037551
658,2023-01-06,1096.302716997367
659,2023-01-08,1883.0823084437754
660,2023-01-15,299.35324757811003
661,2023-02-07,1692.2134837074736
662,2023-02-11,1971.4877226178123
663,2023-01-15,681.0907043358
664,2023-02-03,1802.1031467933644
665,2023-01-28,722.5402497957365
666,2023-02-21,1638.213496753937
667,2023-01-14,1027.7432623986251
668,2023-01-31,1275.6955679783662
669,2023-02-13,626.0012781771843
670,2023-02-16,1437.706931889467
671,2023-01-10,467.6327590038147
672,2023-01-04,1207.4356982031914
673,2023-01-04,1089.7920749792233
674,2023-01-04,1706.9707927089555
675,2023-02-24,1066.6433276727194
676,2023-02-03,1612.5157279761127
677,2023-02-05,920.5297521243963
678,2023-01-17,754.2306801756293
679,2023-01-29,1617.0088454796928
680,2023-02-07,953.2356750405648
681,2023-01-01,1094.1789101840031
682,2023-02-07,1239.1805563837922
683,2023-01-30,1675.3983282007914
684,2023-01-19,1246.3759543280948
685,2023-01-15,931.0572248254578
686,2023-02-09,489.056291316637
687,2023-01-07,1463.800348845396
688,2023-01-29,1789.8190789733026
689,2023-02-22,395.08199822747395
690,2023-01-11,1039.1851564635467
691,2023-02-02,1882.163909322263
692,2023-02-16,1214.3165014553074
693,2023-01-30,1181.4563253926544
694,2023-01-19,314.25598978065716
695,2023-02-06,1163.5403233319075
696,2023-01-30,1378.1743468758884
697,2023-02-26,463.8653221396602
698,2023-02-09,1921.4565097643238
699,2023-01-29,553.0714254980169
700,2023-02-24,1413.0667884042957
701,2023-01-30,693.8140761347591
702,2023-02-25,395.17550089737426
703,2023-02-09,669.6214466507884
704,2023-01-27,801.4733003325346
705,2023-01-28,1036.517379015841
706,2023-02-12,621.8415981226772
707,2023-01-13,1509.506995985494
708,2023-01-18,1652.9439836432161
709,2023-01-08,1623.7560728845087
710,2023-01-28,1488.3473871042204
711,2023-01-08,685.3578430898408
712,2023-01-20,578.8240238732163
713,2023-02-26,396.4309908345469
714,2023-02-21,914.0259825249552
715,2023-02-02,357.079952316859
716,2023-01-13,1379.7013816684555
717,2023-02-08,1909.692045852353
718,2023-02-21,1560.1399050424736
719,2023-02-02,410.4051087771064
720,2023-01-31,236.8662476931235
721,2023-01-23,802.7998936154243
722,2023-01-06,1987.1770821662658
723,2023-01-28,763.0971463586023
724,2023-02-01,1527.514037829431
725,2023-02-11,1489.7528778645074
726,2023-01-23,1230.6036758515063
727,2023-01-13,861.7629038053466
728,2023-02-22,574.8782492541586
729,2023-02-15,1963.9985895985444
730,2023-01-23,318.6087860092259
731,2023-02-08,625.20995348678
732,2023-01-19,756.01904691821
733,2023-01-30,1837.1060362681494
734,2023-01-30,1484.064673434377
735,2023-01-19,677.6693304284229
736,2023-02-22,496.1023452895935
737,2023-02-28,1784.8953443477562
738,2023-02-01,1628.8096383773113
739,2023-02-19,269.09737755752786
740,2023-02-04,1782.7415184738525
741,2023-01-20,1258.29154137883
742,2023-02-27,1023.5669545754697
743,2023-01-30,1412.9333783898612
744,2023-02-15,270.99703736369764
745,2023-02-13,794.5781662453908
746,2023-02-21,358.4871520568336
747,2023-01-23,1430.5474366058904
748,2023-01-16,916.4210873893352
749,2023-01-08,1062.1173651930935
750,2023-02-18,721.6460105462698
751,2023-01-29,1618.9301362021856
752,2023-01-20,283.7228280819529
753,2023-01-28,706.0261634549449
754,2023-02-13,1263.0725511659805
755,2023-01-20,1622.2403043821703
756,2023-01-16,1282.8788046415177
757,2023-01-07,1514.8796035765438
758,2023-01-25,242.35024678009063
759,2023-02-28,658.8624607553774
760,2023-01-23,275.76516771627104
761,2023-01-12,1100.0223172438205
762,2023-02-07,1980.4525330533922
763,2023-01-02,224.3549145893941
764,2023-01-30,993.58226900706
765,2023-01-16,208.61555259059216
766,2023-02-21,1303.1995147928244
767,2023-02-04,530.0457070305254
768,2023-01-23,1482.9352108229507
769,2023-02-15,487.3673215513063
770,2023-02-21,1691.4361794146482
771,2023-02-12,571.1206947216169
772,2023-01-23,833.9892928975114
773,2023-02-15,615.0412494618843
774,2023-02-09,1653.8320864129635
775,2023-01-19,1082.4859200614715
776,2023-02-10,1772.9003105959234
777,2023-02-14,434.15475085658795
778,2023-01-17,1098.1245986570686
779,2023-01-18,1597.9045411677512
780,2023-02-13,1966.1783038240458
781,2023-01-25,1412.079914350174
782,2023-02-08,529.4021236165167
783,2023-01-01,1567.5913199864046
784,2023-02-18,334.34338722114995
785,2023-02-03,1572.990434697404
786,2023-01-19,1690.0674156595499
787,2023-02-25,1206.5774890012885
788,2023-01-08,1086.8974936548102
789,2023-02-22,1885.7493608184989
790,2023-01-15,200.1745112378146
791,2023-02-06,217.2204098813192
792,2023-01-27,653.5125616617922
793,2023-02-02,1110.2176338655127
794,2023-01-02,1172.7499708929618
795,2023-02-18,868.3263632444717
796,2023-01-25,726.8804753513361
797,2023-02-23,564.2612236531006
798,2023-01-23,1640.5074099130236
799,2023-02-04,768.6612282474963
800,2023-01-31,1086.4423739848144
801,2023-01-22,1660.323605067206
802,2023-01-05,1302.2460964282072
803,2023-01-04,935.4952931188249
804,2023-02-18,518.4276002487695
805,2023-02-24,915.7737617247802
806,2023-01-19,1073.382776714213
807,2023-02-03,1983.0522666153888
808,2023-01-12,711.551136657054
809,2023-01-12,498.1514176626173
810,2023-02-27,597.0359243277994
811,2023-02-22,580.6412198423352
812,2023-01-13,336.8858430345708
813,2023-01-05,856.8338571622165
814,2023-02-15,712.5212446231565
815,2023-01-01,1797.6598258580852
816,2023-01-26,1604.467297921554
817,2023-02-10,396.3169223252223
818,2023-01-08,1730.9062916613368
819,2023-01-08,397.2774924364818
820,2023-02-24,1496.3739441954401
821,2023-02-03,1231.083736257977
822,2023-02-28,356.2550916814633
823,2023-01-08,1829.5904649392603
824,2023-02-04,1774.2197267936776
825,2023-01-05,1718.9331164514685
826,2023-01-06,865.2212392111671
827,2023-02-24,601.3125422758164
828,2023-02-09,1994.8009787458334
829,2023-02-20,1671.2090578631073
830,2023-01-13,275.8306891305914
831,2023-02-15,871.9001801566908
832,2023-02-02,1661.9365563481724
833,2023-01-22,1151.0924541011832
834,2023-02-20,644.8354860802312
835,2023-01-29,1627.1982748054884
836,2023-01-08,671.1518791000417
837,2023-01-29,200.71708409855322
838,2023-02-17,616.3740541203185
839,2023-01-26,1988.0665201324657
840,2023-02-11,1381.161501815791
841,2023-02-25,597.2026197569126
842,2023-02-03,1435.0514635617408
843,2023-01-02,1436.486416799274
844,2023-01-14,1353.3369858863443
845,2023-02-22,326.98733009937763
846,2023-02-08,637.3354105807348
847,2023-01-22,1767.5069470884894
848,2023-01-28,1522.5334747427391
849,2023-02-08,502.0688107713502
850,2023-01-21,737.4610302977827
851,2023-02-03,1212.8996517241644
852,2023-01-02,1687.6023788410923
853,2023-02-01,560.9293514561123
854,2023-02-23,382.99752857627993
855,2023-02-19,887.364001263168
856,2023-02-20,1842.2362446549662
857,2023-02-08,668.9243346633637
858,2023-01-29,394.9478348835445
859,2023-01-12,300.69733749640864
860,2023-02-20,833.0070005661022
861,2023-02-05,267.7285014833407
862,2023-02-01,1249.461058214801
863,2023-02-21,1410.6022585765313
864,2023-01-03,1028.8704619725286
865,2023-01-04,1534.0103367041515
866,2023-02-02,1101.8449359453473
867,2023-01-11,1464.2347175050916
868,2023-02-02,615.1536306613415
869,2023-02-03,1540.3023370306396
870,2023-01-06,1102.9469636097192
871,2023-01-01,1469.6638938362498
872,2023-02-07,1004.0560225695007
873,2023-02-16,1110.6930972356863
874,2023-01-09,274.7633293614321
875,2023-02-13,1080.7567230876764
876,2023-02-14,456.117503955184
877,2023-01-25,456.49252457218216
878,2023-01-17,980.0307246071809
879,2023-02-02,1237.1866216866333
880,2023-02-02,817.4876513447937
881,2023-02-11,488.8848624755746
882,2023-01-25,1534.5387505639126
883,2023-01-22,1933.564831009285
884,2023-02-27,1520.5561147109102
885,2023-01-28,338.71561669536766
886,2023-02-16,1713.6346846254232
887,2023-02-05,321.5252907440654
888,2023-01-05,985.361687478648
889,2023-02-02,1871.9530387783027
890,2023-02-27,673.7241865457802
891,2023-02-15,430.3157094070316
892,2023-01-25,1572.0297897094429
893,2023-02-08,1871.494618518436
894,2023-02-21,786.3831572677718
895,2023-02-12,618.4245761216058
896,2023-02-27,528.4738575410836
897,2023-01-26,1933.8239407953329
898,2023-02-02,1237.9423423704943
899,2023-02-10,1748.1579894385115
900,2023-02-03,755.020974893359
901,2023-02-24,301.5855746451937
902,2023-01-07,1016.8475332075432
903,2023-01-02,572.7981726332699
904,2023-02-21,1134.1705957922813
905,2023-02-01,1168.3777441119241
906,2023-01-08,729.7187910379632
907,2023-01-14,753.4169879308604
908,2023-01-04,243.51260998669903
909,2023-01-29,956.7236250746851
910,2023-01-16,782.6409445857751
911,2023-01-30,1315.0822254700993
912,2023-01-03,1747.5735200455913
913,2023-02-17,1086.7527934272482
914,2023-01-20,348.8749364574009
915,2023-02-02,1880.2648250017264
916,2023-02-28,1654.9885403385615
917,2023-01-19,857.933881644392
918,2023-02-10,795.3120398452604
919,2023-02-28,1888.2813417403393
920,2023-02-04,874.8098130100091
921,2023-01-31,1344.4439935217067
922,2023-02-27,1973.619808577432
923,2023-02-02,266.1315761548774
924,2023-02-19,766.3357606678009
925,2023-02-16,616.2242994946514
926,2023-01-20,1860.2577544722744
927,2023-02-11,1192.0461149925463
928,2023-01-21,296.6843691378502
929,2023-02-26,1559.4468490521144
930,2023-02-10,1431.3508784023102
931,2023-02-26,1391.9133861833081
932,2023-02-16,1920.3117948683887
933,2023-02-20,1774.2828776875278
934,2023-02-26,1555.8526732983355
935,2023-02-24,600.7987178689493
936,2023-01-05,448.4269316777935
937,2023-01-10,597.5990054145304
938,2023-01-01,569.9177499685738
939,2023-01-27,1222.3361824662043
940,2023-01-22,1393.4788817018955
941,2023-01-11,1149.351536722974
942,2023-01-22,301.4289051220541
943,2023-02-24,853.6926709156337
944,2023-02-03,1941.9093363945096
945,2023-02-25,1451.9208357291964
946,2023-02-08,865.5316031747275
947,2023-02-07,1408.9270674842003
948,2023-02-13,677.1974491522329
949,2023-02-09,339.45961520533143
950,2023-02-03,1150.5208506600948
951,2023-02-01,721.5844265334069
952,2023-02-11,1066.9734121774945
953,2023-01-08,1823.590270188782
954,2023-01-06,1373.132660147703
955,2023-01-07,1501.9744441267046
956,2023-01-24,384.6557454088437
957,2023-01-23,1063.3845544268738
958,2023-02-12,927.8154027010235
959,2023-02-09,1364.3430369530329
960,2023-02-01,717.9232421989244
961,2023-02-07,889.5164819916198
962,2023-02-08,1965.8302255117767
963,2023-02-26,406.65902201348
964,2023-01-24,559.8341535104765
965,2023-01-29,630.2830958223867
966,2023-02-06,1453.9775607924148
967,2023-01-03,1484.6385643769027
968,2023-01-11,1612.5588858362046
969,2023-01-21,885.8798746901316
970,2023-01-01,1734.3259177835976
971,2023-01-17,1455.2237712601805
972,2023-01-31,1483.8678156381256
973,2023-01-04,1679.5795597671272
974,2023-01-15,1332.0639890134626
975,2023-02-14,960.0097211269375
976,2023-02-23,255.43786009641195
977,2023-02-27,1271.8201939202042
978,2023-02-18,1214.774425103286
979,2023-02-21,1281.4544387884146
980,2023-02-24,781.1362436178291
981,2023-01-06,1198.787558320446
982,2023-02-19,508.98134771135614
983,2023-01-11,1369.7469671770855
984,2023-02-13,329.01225264364905
985,2023-02-16,1775.1388408395399
986,2023-01-28,589.048310263879
987,2023-02-03,728.9202270408548
988,2023-01-09,1792.5264535509823
989,2023-01-05,1790.4657620462337
990,2023-02-09,1705.2809890725437
991,2023-02-02,788.4841104312447
992,2023-02-17,1824.22035056822
993,2023-02-03,1589.244132394795
994,2023-01-08,1384.5493657743589
995,2023-02-03,1819.6455328804427
996,2023-01-15,1609.636650073106
997,2023-01-14,964.5491165295589
998,2023-02-13,783.6594034287599
999,2023-01-22,908.980647986271
1000,2023-02-06,310.54187730469584
1001,2023-01-13,854.1756074471544
1002,2023-02-28,835.4786345208911
1003,2023-02-23,1758.1240776033692
1004,2023-02-24,1799.660089154472
1005,2023-01-27,1933.4937563523345
1006,2023-01-19,790.7586457063417
1007,2023-02-07,1447.9762804237357
1008,2023-02-28,1339.5192822122854
1009,2023-02-05,636.3987420619067
1010,2023-01-13,1765.9777274168212
1011,2023-02-11,585.3834483853338
1012,2023-02-05,1545.8852047714042
1013,2023-01-26,460.39508392561214
1014,2023-02-07,392.27538123130097
1015,2023-01-02,1496.5799782223796
1016,2023-02-14,1147.372608880479
1017,2023-02-11,997.2484964052592
1018,2023-02-13,1600.725021958227
1019,2023-02-25,845.7380350368634
1020,2023-02-25,1736.029277325032
1021,2023-01-01,1931.9104948822915
1022,2023-01-16,1962.425888434082
1023,2023-01-29,699.7304041044631
1024,2023-02-10,947.0126654926312
1025,2023-01-07,1505.0177917712392
1026,2023-02-19,1810.758681223318
1027,2023-02-20,1480.359998188396
1028,2023-02-02,1564.6381090022905
1029,2023-01-27,1790.126573541989
1030,2023-01-21,860.5068286702102
1031,2023-02-22,1176.580894964883
1032,2023-02-08,1162.5859560489423
1033,2023-01-02,1365.6486443677313
1034,2023-01-17,1811.33098350343
1035,2023-02-27,1281.4894570270403
1036,2023-02-22,1945.8893678888069
1037,2023-01-26,1517.8439985774467
1038,2023-01-20,947.5246847982484
1039,2023-01-31,1246.0492282953608
1040,2023-01-01,1860.177408350679
1041,2023-02-12,1313.300691068552
1042,2023-02-17,1477.8714861530516
1043,2023-01-22,1390.325657770064
1044,2023-02-03,805.0635900192127
1045,2023-01-02,566.0027392208568
1046,2023-01-26,934.0633326807566
1047,2023-02-08,471.38565103712074
1048,2023-02-28,1687.4003858978278
1049,2023-01-13,1478.8291043014653
1050,2023-02-18,921.9011409389286
1051,2023-01-19,508.4888529589774
1052,2023-01-14,1776.438811794889
1053,2023-01-14,1350.3150308684492
1054,2023-01-25,1993.8850759667835
1055,2023-02-14,381.97620127594143
1056,2023-01-27,640.7270464380724
1057,2023-01-20,350.57888149351123
1058,2023-02-09,1540.5351963674505
1059,2023-02-04,487.23555702267623
1060,2023-01-16,1786.987161083028
1061,2023-02-07,1084.6631477700155
1062,2023-02-08,1147.1046728033234
1063,2023-02-02,276.5365198238076
1064,2023-02-06,1305.2965443169285
1065,2023-02-04,609.7066203711211
1066,2023-02-21,584.3073608246281
1067,2023-02-16,1811.573424063545
1068,2023-01-02,1798.424028194585
1069,2023-02-02,209.4773317873751
1070,2023-01-31,1698.1471272549836
1071,2023-02-07,1824.1379120352008
1072,2023-01-08,1121.5057845664526
1073,2023-02-18,1381.1128724924968
1074,2023-02-20,1582.014231080205
1075,2023-02-20,1433.791954554623
1076,2023-02-28,1026.4095553568227
1077,2023-02-02,1232.2140175688749
1078,2023-02-13,1233.30697711479
1079,2023-02-11,1715.8349360436584
1080,2023-01-06,632.7950737144589
1081,2023-01-02,1563.007639278267
1082,2023-02-03,1662.206797493001
1083,2023-02-24,1634.6582500609545
1084,2023-02-21,1653.8740741855718
1085,2023-01-31,1692.704040295798
1086,2023-01-19,951.5283523440308
1087,2023-02-19,1312.1961240809767
1088,2023-01-18,1559.4419290643455
1089,2023-01-19,1585.5780248150302
1090,2023-02-01,1925.4883212659645
1091,2023-01-08,1955.135496065609
1092,2023-01-22,1216.5222654362733
1093,2023-01-19,1038.3303237354298
1094,2023-02-16,1703.9455880355588
1095,2023-02-14,595.9296631219827
1096,2023-01-28,1579.5165610296092
1097,2023-01-10,545.6208784281928
1098,2023-01-05,1264.9296187155214
1099,2023-01-14,1292.2966219260209
1100,2023-01-24,995.3188450439183
1101,2023-02-01,1756.1911750543957
1102,2023-02-21,1178.2679350551853
1103,2023-02-07,1086.9134796642377
1104,2023-01-01,952.626144206103
1105,2023-01-19,312.0053300954339
1106,2023-02-01,851.8690278684097
1107,2023-01-02,367.06764474945
1108,2023-01-21,1218.1492994168987
1109,2023-01-15,1352.9029368036631
1110,2023-02-11,1582.0080727126876
1111,2023-01-05,1338.5634614194569
1112,2023-02-24,536.7093593158327
1113,2023-01-26,1550.4391114024095
1114,2023-01-20,1187.9469207754155
1115,2023-01-28,383.90664680190184
1116,2023-02-28,244.68865253823444
1117,2023-02-26,737.7431462900206
1118,2023-01-29,1442.0270526768652
1119,2023-01-09,1879.0190307994442
1120,2023-02-25,1939.694961224395
1121,2023-02-15,1576.186560802364
1122,2023-01-13,727.8485342724101
1123,2023-02-16,1319.7244254913403
1124,2023-02-19,615.9730295662862
1125,2023-01-12,1551.2426689730091
1126,2023-01-09,498.56065306315026
1127,2023-01-11,1561.6466939433847
1128,2023-01-24,1763.4601980748666
1129,2023-01-25,1135.1114364556227
1130,2023-01-26,318.14270886530767
1131,2023-01-19,1008.0056373424322
1132,2023-01-19,1708.0915004836713
1133,2023-01-06,523.5547761740972
1134,2023-02-17,269.40631027303095
1135,2023-02-12,1518.8484340625282
1136,2023-02-16,1213.4733024321113
1137,2023-01-22,275.70912760861887
1138,2023-02-21,1972.7934753049428
1139,2023-02-23,1224.7982974707088
1140,2023-01-10,1253.282011332777
1141,2023-02-12,1621.8319553595993
1142,2023-01-14,1824.7424072353558
1143,2023-01-19,309.3513253934493
1144,2023-01-24,827.3237768998679
1145,2023-02-15,560.1653535231068
1146,2023-02-01,1037.2727569789254
1147,2023-02-22,364.64229553810685
1148,2023-02-03,322.55439363150253
1149,2023-02-24,741.6009796345108
1150,2023-01-15,1827.8214639893322
1151,2023-02-27,1955.9755601974932
1152,2023-02-17,1574.6960572101104
1153,2023-02-10,201.33364332898802
1154,2023-02-19,1523.387997625221
1155,2023-01-09,239.5865179730446
1156,2023-01-02,503.41822805910977
1157,2023-01-23,218.92521491215436
1158,2023-01-03,468.4285977810718
1159,2023-01-23,1437.5099452898414
1160,2023-01-02,1463.6303756144418
1161,2023-01-09,867.9393319193423
1162,2023-02-21,1516.1434835606563
1163,2023-01-08,1725.1475697643496
1164,2023-02-18,434.64352599479014
1165,2023-01-24,357.3331690911392
1166,2023-01-14,869.458621725025
1167,2023-02-18,926.9905475921131
1168,2023-01-01,697.5275957486666
1169,2023-02-12,1557.502734700004
1170,2023-02-09,779.2151609943058
1171,2023-01-04,1640.2597614514993
1172,2023-02-27,1840.355037692563
1173,2023-02-13,1123.6682135741885
1174,2023-02-23,972.9596534251739
1175,2023-02-13,364.87064390878146
1176,2023-01-11,692.6191468489396
1177,2023-02-04,1795.966066182538
1178,2023-02-23,642.6998142923952
1179,2023-02-03,1318.1408963675747
1180,2023-01-12,1091.0133125170414
1181,2023-01-03,369.87056468158585
1182,2023-01-11,1818.863356507177
1183,2023-01-28,321.9874984246048
1184,2023-01-06,1425.2641858398458
1185,2023-01-27,1949.5966519718918
1186,2023-01-04,1476.8728234773394
1187,2023-02-01,786.635696825076
1188,2023-01-12,332.1922994623976
1189,2023-01-04,1243.5266846852182
1190,2023-02-24,1520.330632855568
1191,2023-01-02,845.9228605763735
1192,2023-01-14,1376.7526505185456
1193,2023-02-26,1219.8645347572253
1194,2023-01-18,261.39155131699374
1195,2023-01-09,1857.2500154877798
1196,2023-02-08,884.0104462144626
1197,2023-01-05,882.9234991943931
1198,2023-01-07,1723.4405764358078
1199,2023-01-13,1071.700223594265
1200,2023-01-10,1011.9238296739456
1201,2023-01-06,1351.7420876198244
1202,2023-01-16,581.1883234199031
1203,2023-01-21,1150.9412468550581
1204,2023-02-01,1403.423343948322
1205,2023-01-27,1169.7980599692287
1206,2023-01-08,1475.7700475145195
1207,2023-02-13,1277.365685533648
1208,2023-01-03,1714.5299606595647
1209,2023-02-02,1782.507373042595
1210,2023-02-16,376.1105654588758
1211,2023-01-12,665.4691901397387
1212,2023-01-19,298.3810797547802
1213,2023-02-14,612.0053619838961
1214,2023-01-01,1497.6500728017986
1215,2023-02-07,341.38143108672045
1216,2023-02-17,479.21512349006565
1217,2023-01-10,1587.3829893663744
1218,2023-01-27,999.7853192710015
1219,2023-01-21,722.2173278461783
1220,2023-01-16,1359.1724532913388
1221,2023-01-02,1796.4891281870775
1222,2023-02-22,267.68979267639014
1223,2023-01-06,1447.5698201024834
1224,2023-01-03,1403.3913032412029
1225,2023-01-26,1762.421777475645
1226,2023-01-29,553.4696720423017
1227,2023-01-20,1483.0267331611471
1228,2023-02-13,387.0219948595171
1229,2023-01-18,301.92744222921414
1230,2023-01-06,1425.4328616641642
1231,2023-02-15,240.7424854405573
1232,2023-01-16,279.73835984382276
1233,2023-01-11,266.5154409920048
1234,2023-01-30,1037.7389157200053
1235,2023-01-18,1564.1649996404078
1236,2023-01-18,1985.9586026418876
1237,2023-02-16,607.8938537973122
1238,2023-01-08,1626.2844054869493
1239,2023-01-18,1631.4425555234411
1240,2023-02-20,1770.036876815903
1241,2023-01-23,765.6607825316986
1242,2023-01-01,439.2650992469794
1243,2023-01-08,1634.0628439714576
1244,2023-01-30,1221.4340078022312
1245,2023-02-25,946.3770682415678
1246,2023-01-29,305.5550189347474
1247,2023-02-22,211.80237569468176
1248,2023-02-05,768.8422339482512
1249,2023-02-13,688.6258135991865
1250,2023-02-04,1056.302529158665
1251,2023-02-25,1862.501356463957
1252,2023-02-10,950.0320749091914
1253,2023-01-06,718.1909675829411
1254,2023-02-20,1721.4437598438014
1255,2023-01-29,752.5097612669272
1256,2023-02-22,1848.0512404099734
1257,2023-02-11,1754.1413179116005
1258,2023-02-04,1349.8745387025917
1259,2023-02-04,1545.8153484327424
1260,2023-01-20,483.18103195423714
1261,2023-01-14,1285.1736862006214
1262,2023-02-07,788.6671109592426
1263,2023-01-26,1079.620496411468
1264,2023-02-24,605.693824576231
1265,2023-01-05,1823.5238198028017
1266,2023-02-13,940.760798932328
1267,2023-01-12,1058.1212957543262
1268,2023-01-30,1498.5249552816767
1269,2023-01-13,419.95426326086886
1270,2023-01-26,1105.5170873919797
1271,2023-02-02,1663.6657939155714
1272,2023-02-20,1419.2153478569999
1273,2023-02-10,778.9713068443423
1274,2023-02-21,1479.197713999155
1275,2023-02-12,1881.9912776230667
1276,2023-01-24,1810.5972290324144
1277,2023-02-21,1536.022618715228
1278,2023-01-26,678.9821039302926
1279,2023-02-13,870.4773324865001
1280,2023-02-20,1205.152258022354
1281,2023-02-21,885.8880143415463
1282,2023-02-10,1020.3443517124739
1283,2023-01-25,1628.3466994118462
1284,2023-02-01,387.0922377982074
1285,2023-01-29,1951.393840808911
1286,2023-01-01,1468.3143191798695
1287,2023-02-20,1756.5101630773859
1288,2023-01-23,1607.0240970971722
1289,2023-02-28,977.9306843159858
1290,2023-01-25,1896.5200580897865
1291,2023-02-21,655.5551907953574
1292,2023-01-23,283.24716174119425
1293,2023-01-11,374.3808144766458
1294,2023-02-13,561.3259194597406
1295,2023-02-01,1170.3449654253945
1296,2023-02-22,602.4845946186867
1297,2023-01-10,1703.5774757325282
1298,2023-02-09,216.80963703705012
1299,2023-01-07,1542.6216718304133
1300,2023-01-31,1944.2140800356633
1301,2023-01-04,680.9297799529866
1302,2023-01-19,1322.8679115711468
1303,2023-01-13,1486.6033429020893
1304,2023-01-10,788.5233522733413
1305,2023-01-11,979.6278294431078
1306,2023-01-28,1521.9359230066186
1307,2023-01-02,436.07033693850127
1308,2023-01-22,458.63475139787903
1309,2023-02-23,875.7313809473934
1310,2023-02-12,611.1362932609553
1311,2023-01-07,752.5755088039989
1312,2023-01-10,470.1182327946288
1313,2023-02-06,373.9449077101747
1314,2023-02-24,1848.77125600941
1315,2023-01-24,822.6081352490545
1316,2023-01-09,1218.739262123162
1317,2023-02-23,1184.9577771303182
1318,2023-01-24,1010.6435866741598
1319,2023-01-19,1546.077044616392
1320,2023-02-12,796.8376232236526
1321,2023-01-22,1806.4594223432161
1322,2023-01-04,322.45980015275734
1323,2023-01-15,1234.8012669051457
1324,2023-01-21,810.2946385131328
1325,2023-02-13,855.020620798029
1326,2023-01-22,749.176209645695
1327,2023-01-10,1286.4553391189615
1328,2023-02-12,621.9342731609271
1329,2023-01-03,729.7511594427547
1330,2023-01-21,713.8902629809149
1331,2023-02-13,212.2318016141013
1332,2023-01-17,868.9133170170421
1333,2023-02-28,288.01523211043053
1334,2023-01-14,1773.8771825367312
1335,2023-02-12,1499.2807365261692
1336,2023-02-05,1271.5527881492108
1337,2023-01-12,1538.9810029794842
1338,2023-01-29,1821.9693508247242
1339,2023-02-12,1449.3630140668186
1340,2023-01-22,1263.3613708313499
1341,2023-02-04,423.6666385258119
1342,2023-02-14,928.248772739938
1343,2023-02-12,1242.1122468696328
1344,2023-02-24,1285.1198584744386
1345,2023-01-29,1929.4001062109419
1346,2023-01-19,569.9005779359453
1347,2023-01-09,1393.672389613401
1348,2023-01-31,661.5724531906108
1349,2023-01-01,951.9702365188045
1350,2023-01-14,1949.5108317971594
1351,2023-01-19,795.9393750638974
1352,2023-02-08,851.6416976759723
1353,2023-02-22,991.2232072368979
1354,2023-01-12,273.20202180048193
1355,2023-02-26,917.4264293079707
1356,2023-02-22,1314.1731792273838
1357,2023-01-20,1240.54397633042
1358,2023-01-13,1772.1429100197981
1359,2023-01-05,1354.1358040673183
1360,2023-02-15,1202.5207004227957
1361,2023-01-26,1353.1648827297856
1362,2023-02-10,285.71021013915026
1363,2023-02-05,1993.0184274053095
1364,2023-01-06,473.0697517150402
1365,2023-02-01,953.2043961237671
1366,2023-01-30,731.4526462586442
1367,2023-01-03,1238.990409372142
1368,2023-02-02,1207.2098422057074
1369,2023-01-08,833.805783667591
1370,2023-02-27,1952.5330351659081
1371,2023-01-30,1552.2889503430408
1372,2023-01-09,1801.714453281607
1373,2023-01-28,1019.7383516503362
1374,2023-02-03,1278.930959542019
1375,2023-01-30,944.215896360401
1376,2023-01-05,747.6592977920023
1377,2023-02-08,1145.8470273519665
1378,2023-02-03,543.7411560703868
1379,2023-02-24,585.3831030838124
1380,2023-01-10,1119.4173529632335
1381,2023-01-04,224.93373409373388
1382,2023-01-15,1001.8767956149663
1383,2023-01-21,1994.0612084364466
1384,2023-02-05,1680.8293660698312
1385,2023-02-25,350.22898367640187
1386,2023-02-21,1380.6025706291007
1387,2023-01-29,605.7072740553988
1388,2023-02-15,412.32053407239016
1389,2023-01-29,827.6190730267031
1390,2023-02-26,1418.9002722784833
1391,2023-02-28,1191.3762089411707
1392,2023-02-21,279.1327943568359
1393,2023-01-05,1742.1576848247462
1394,2023-01-16,1059.67104249801
1395,2023-01-12,1742.1972047631173
1396,2023-02-01,537.7772207989606
1397,2023-02-06,350.7198790707404
1398,2023-01-13,1128.7453916746997
1399,2023-02-22,1018.1803933939196
1400,2023-02-28,225.00991818172542
1401,2023-02-08,270.8382614433794
1402,2023-01-20,368.53910431644454
1403,2023-01-17,273.2194638600832
1404,2023-02-17,516.3303212194915
1405,2023-02-06,1235.9650719998021
1406,2023-01-11,1058.154715939717
1407,2023-01-07,1963.5855191508963
1408,2023-01-27,327.32684122941475
1409,2023-02-06,1761.3481377813664
1410,2023-02-27,1241.335607852249
1411,2023-01-31,1777.6559822826282
1412,2023-02-05,300.2844986356429
1413,2023-01-01,378.4763385588867
1414,2023-02-08,1753.5704919445177
1415,2023-01-19,1226.6912476052864
1416,2023-02-01,1205.2888419617398
1417,2023-02-11,223.42280229492525
1418,2023-02-20,1356.0550474095908
1419,2023-02-01,1725.7960665876515
1420,2023-02-27,1993.027143978261
1421,2023-02-18,979.318623291251
1422,2023-02-12,760.5362829050625
1423,2023-02-19,928.5865849680393
1424,2023-02-20,610.4451733598125
1425,2023-02-22,606.9774525203854
1426,2023-01-23,980.558495597358
1427,2023-01-01,1432.1711147903463
1428,2023-01-07,1389.3271194665008
1429,2023-02-15,1590.482302871662
1430,2023-02-02,590.2664385269429
1431,2023-01-28,1511.671481719079
1432,2023-01-01,1631.4568893543624
1433,2023-01-27,1211.2631553510269
1434,2023-02-20,1038.207241913645
1435,2023-02-24,484.75976932336783
1436,2023-01-21,283.61513187872833
1437,2023-02-28,1034.8978659912389
1438,2023-01-27,1377.743744405393
1439,2023-01-02,582.5833697866789
1440,2023-02-07,919.909288776262
1441,2023-01-14,1095.748192117664
1442,2023-02-10,1918.8271219739527
1443,2023-01-19,1779.4012314458573
1444,2023-01-19,1773.2893666313262
1445,2023-02-08,1993.880969911837
1446,2023-02-23,1592.215909652819
1447,2023-02-19,565.5077805077774
1448,2023-02-20,1711.797213197238
1449,2023-02-25,499.2468473648441
1450,2023-02-08,1800.3567434416584
1451,2023-01-24,809.4436326823459
1452,2023-01-05,718.300395032164
1453,2023-01-06,1291.2013998413572
1454,2023-01-24,309.10078365323443
1455,2023-01-03,1832.7587142862365
1456,2023-01-20,885.9272570576582
1457,2023-02-25,1621.9697076237912
1458,2023-02-06,1478.9853832753279
1459,2023-01-18,1467.4666340131735
1460,2023-01-22,1158.727100402557
1461,2023-01-14,1040.0159188012706
1462,2023-02-12,1361.7162778431607
1463,2023-02-26,1444.8389728630673
1464,2023-02-21,624.4727515009079
1465,2023-01-27,1556.8547749311745
1466,2023-02-19,1885.9109027343543
1467,2023-02-02,1667.1757657494022
1468,2023-01-09,1515.0974039032328
1469,2023-01-09,1679.0796898980805
1470,2023-01-21,212.51885157103357
1471,2023-02-16,514.6832838885755
1472,2023-01-05,815.5625627294665
1473,2023-01-19,1520.3326410296472
1474,2023-02-24,1961.071920534154
1475,2023-02-26,1519.1801240184723
1476,2023-01-22,1062.1872790907266
1477,2023-02-09,1857.893261464804
1478,2023-01-30,879.8584521160199
1479,2023-02-25,1355.043138480137
1480,2023-01-11,202.70804633377637
1481,2023-01-26,522.8471799882866
1482,2023-01-24,730.7097840071959
1483,2023-01-31,896.5816371641454
1484,2023-01-27,1027.6769125517094
1485,2023-01-14,1634.0937661174103
1486,2023-01-12,703.7220511515845
1487,2023-02-12,348.7908532779362
1488,2023-01-11,1138.4662237316402
1489,2023-01-25,1966.0735786629775
1490,2023-01-25,921.3652486796956
1491,2023-02-17,662.9439473153304
1492,2023-02-27,1597.4146978119227
1493,2023-01-05,1308.0503661909565
1494,2023-02-13,213.58700520763782
1495,2023-01-28,1975.1691889516158
1496,2023-02-27,1080.0533583580068
1497,2023-01-14,747.2393675626047
1498,2023-01-07,1397.1386917670502
1499,2023-01-03,714.0094061861562
1500,2023-01-04,1034.3790763151478
1501,2023-01-30,1373.2779283872655
1502,2023-02-12,419.38764891693575
1503,2023-01-05,1041.0016275759863
1504,2023-01-29,1523.3703381785579
1505,2023-02-05,1928.932472670556
1506,2023-02-07,238.50108562873731
1507,2023-01-19,1698.4625789201723
1508,2023-02-08,1890.4628358860034
1509,2023-01-14,1974.4720766528928
1510,2023-02-16,1888.0969430340274
1511,2023-01-15,432.65253453948145
1512,2023-02-11,1794.8363490999293
1513,2023-01-07,475.151832912492
1514,2023-01-28,848.9294425877739
1515,2023-01-17,850.0914892666016
1516,2023-01-21,703.6137060870877
1517,2023-01-24,838.6476389374342
1518,2023-02-05,1177.4028166918579
1519,2023-01-08,341.33062998393905
1520,2023-01-07,871.1654080001493
1521,2023-01-22,1249.7939858002505
1522,2023-01-01,441.64893796350583
1523,2023-02-20,637.3783015255353
1524,2023-01-27,763.0023486037774
1525,2023-01-10,334.1609321303075
1526,2023-02-11,1653.843431543592
1527,2023-01-29,674.1154510870165
1528,2023-01-04,939.0818165519538
1529,2023-02-20,929.7431586908485
1530,2023-01-22,748.5241453186759
1531,2023-02-17,429.92848456294047
1532,2023-02-03,1808.4068733293273
1533,2023-01-08,1426.5107261774294
1534,2023-02-27,680.404631465731
1535,2023-01-09,366.3756683720643
1536,2023-02-09,422.29102895395226
1537,2023-02-21,697.5855224576825
1538,2023-02-03,288.2782619579166
1539,2023-02-09,461.26435512263504
1540,2023-02-05,1055.0531856266157
1541,2023-01-08,1884.7629245268886
1542,2023-02-11,981.32417422636
1543,2023-01-28,1476.4528180732514
1544,2023-02-21,1226.549133415347
1545,2023-02-10,1957.2395340580842
1546,2023-02-28,520.780172823563
1547,2023-01-08,1530.3891499911997
1548,2023-02-06,830.7320507430018
1549,2023-02-15,1984.1817864450247
1550,2023-01-31,835.0611231918805
1551,2023-01-10,1961.8097285460308
1552,2023-02-17,1748.6686045822555
1553,2023-01-25,1275.9259879588064
1554,2023-02-16,249.40632206284832
1555,2023-02-27,533.9576890083929
1556,2023-02-28,301.7211958779392
1557,2023-01-22,1626.4311708513271
1558,2023-02-24,333.1119511268858
1559,2023-01-01,1615.6269842063432
1560,2023-01-20,250.31332827163095
1561,2023-01-20,659.3712555015509
1562,2023-01-22,735.6500959529635
1563,2023-01-28,1216.2916826630367
1564,2023-02-03,1211.7102391758453
1565,2023-02-10,1797.3217362843118
1566,2023-02-16,1347.2793920779945
1567,2023-02-12,490.6316546512751
1568,2023-01-22,248.5906272638956
1569,2023-01-31,1571.56849631778
1570,2023-02-17,1164.0238360702974
1571,2023-01-19,1241.532469190128
1572,2023-01-04,945.3890861594481
1573,2023-02-28,1261.6671585760444
1574,2023-02-05,930.1364805020169
1575,2023-02-01,1002.2463298553391
1576,2023-01-30,1266.9313448158252
1577,2023-02-09,1086.220118963587
1578,2023-01-23,306.38610371877127
1579,2023-02-26,1958.2214742480112
1580,2023-02-25,1739.2477520216833
1581,2023-01-11,882.3541300906317
1582,2023-02-12,1183.7447168950732
1583,2023-01-09,1879.173787951274
1584,2023-02-01,916.3376150613948
1585,2023-01-13,1900.5908588617926
1586,2023-01-19,254.87529713407395
1587,2023-01-08,1542.4391400233
1588,2023-01-24,1634.6118999139476
1589,2023-01-09,548.9032027317228
1590,2023-01-24,493.16019552642933
1591,2023-02-16,1263.940914172474
1592,2023-02-04,1063.4450813441072
1593,2023-01-31,1255.776684363166
1594,2023-01-04,438.0879743862155
1595,2023-02-25,699.9267255860376
1596,2023-02-18,325.41024931332385
1597,2023-02-12,394.3941007866995
1598,2023-01-05,1489.479819609978
1599,2023-02-18,247.52351994382937
1600,2023-01-16,1171.3705797790922
1601,2023-01-25,737.5933813460687
1602,2023-01-31,1763.2951403001207
1603,2023-02-12,1181.0699794744646
1604,2023-02-27,1995.5859221808114
1605,2023-01-27,1209.9366031146783
1606,2023-02-22,1211.77606332833
1607,2023-02-04,803.1920564278962
1608,2023-02-15,654.1848812044267
1609,2023-02-17,969.2654196212006
1610,2023-01-24,608.9156380929295
1611,2023-02-10,327.5768136579289
1612,2023-02-05,965.092219911339
1613,2023-02-22,391.55076767274704
1614,2023-01-17,1501.6174662815822
1615,2023-01-24,737.1092514814922
1616,2023-02-17,1082.6509856591324
1617,2023-01-27,552.0499080497723
1618,2023-01-15,1425.4877160374128
1619,2023-01-24,1695.487064249563
1620,2023-02-27,596.7322147376057
1621,2023-01-25,214.05560436891088
1622,2023-02-25,651.6277552258107
1623,2023-02-19,1329.7453440276454
1624,2023-02-22,759.4702890273953
1625,2023-01-25,1705.1710489578597
1626,2023-01-16,1734.9305587181577
1627,2023-01-04,869.1330130338141
1628,2023-01-10,857.6020856358809
1629,2023-02-16,229.81262910371757
1630,2023-01-21,1189.421747074533
1631,2023-01-03,477.6870693595635
1632,2023-01-31,402.82316864031714
1633,2023-01-13,296.00863265872647
1634,2023-01-26,522.7108533476302
1635,2023-01-01,480.6754597371694
1636,2023-02-03,263.88268262526816
1637,2023-02-04,1968.378418134567
1638,2023-01-14,1384.9481026977885
1639,2023-01-12,896.5893288484328
1640,2023-01-27,312.47386105988585
1641,2023-01-25,285.04155563455197
1642,2023-02-21,1648.9143824719915
1643,2023-02-24,961.0036506679122
1644,2023-02-13,394.8684168715172
1645,2023-02-11,500.66144844892665
1646,2023-02-17,1424.3501588909178
1647,2023-01-14,969.0214563733997
1648,2023-02-25,374.2549219337262
1649,2023-02-10,905.6173878734663
1650,2023-02-01,280.5604704749352
1651,2023-02-08,687.8470207920626
1652,2023-02-27,1105.5434572056706
1653,2023-01-16,1023.4627152823728
1654,2023-01-26,1583.54228769723
1655,2023-02-11,488.4145970451661
1656,2023-02-01,1118.0796255433916
1657,2023-02-16,454.74865590178536
1658,2023-02-26,540.8652629587798
1659,2023-02-20,937.8174866763275
1660,2023-02-03,462.55264987234517
1661,2023-02-08,1212.189546553921
1662,2023-01-29,1019.4172754150782
1663,2023-02-13,1895.7739839455912
1664,2023-01-21,1405.990828694735
1665,2023-01-15,385.6560251346666
1666,2023-01-10,1292.7923397461714
1667,2023-02-12,956.5926492451798
1668,2023-01-04,1101.1375516005767
1669,2023-01-18,1380.4499746138572
1670,2023-01-16,534.2925781551667
1671,2023-01-04,847.1620915756539
1672,2023-02-17,1064.683634063791
1673,2023-01-07,1306.6093363727016
1674,2023-02-12,714.0028613782931
1675,2023-01-06,1104.9922199117236
1676,2023-01-21,701.3830032384508
1677,2023-02-27,1230.3017375754139
1678,2023-02-24,816.1209271742505
1679,2023-01-14,1710.489725580288
1680,2023-01-25,1434.643050395553
1681,2023-02-28,1669.0300737949976
1682,2023-02-16,477.6429213553186
1683,2023-01-16,533.3485729549797
1684,2023-02-06,1176.670605919554
1685,2023-01-17,310.51686603553287
1686,2023-02-28,1168.5053330703058
1687,2023-02-21,804.7946021339984
1688,2023-01-10,784.0177892833831
1689,2023-01-20,613.7357404430359
1690,2023-01-25,208.436131291498
1691,2023-01-19,1436.7320229039856
1692,2023-02-26,1555.0061464800865
1693,2023-02-25,808.9101487505392
1694,2023-02-22,1045.6465133844638
1695,2023-01-15,1635.2880931654154
1696,2023-01-07,1365.4419301194582
1697,2023-02-22,241.36070920867317
1698,2023-01-28,711.1504738074746
1699,2023-01-24,1917.910697327423
1700,2023-02-23,1789.6783797236476
1701,2023-01-06,785.3923119420723
1702,2023-01-05,1839.1410007284344
1703,2023-01-24,1062.5151473604387
1704,2023-02-16,563.7236974159056
1705,2023-02-09,688.608934613139
1706,2023-01-03,633.7674495050098
1707,2023-01-14,300.0358213665273
1708,2023-02-12,986.845000237436
1709,2023-01-27,1828.249197542707
1710,2023-01-25,1146.3634355226736
1711,2023-01-18,1181.8216512299566
1712,2023-01-24,608.5992982979651
1713,2023-01-02,283.5214935340864
1714,2023-02-15,426.45444103617774
1715,2023-02-28,587.2262470609592
1716,2023-01-22,1772.108147736841
1717,2023-02-17,1978.9914976151745
1718,2023-01-18,231.9792474278219
1719,2023-02-26,997.9579194321544
1720,2023-02-03,864.5551234138541
1721,2023-02-13,1165.6344143217234
1722,2023-01-12,1309.741073550347
1723,2023-02-04,912.7995701614905
1724,2023-01-03,530.9553155374043
1725,2023-02-02,1253.4936424768382
1726,2023-01-27,259.9341853456318
1727,2023-01-20,1809.1597970294356
1728,2023-01-27,1359.9394353157782
1729,2023-01-27,370.17967566028847
1730,2023-02-21,1192.474974238743
1731,2023-02-22,432.1537780592563
1732,2023-02-25,413.87751225593934
1733,2023-01-08,677.988022865841
1734,2023-02-05,1573.2349428288258
1735,2023-02-01,1456.7977025765765
1736,2023-01-16,1205.9338419817834
1737,2023-01-29,659.4079138253147
1738,2023-01-13,1132.1637806415706
1739,2023-02-16,1873.5517884953151
1740,2023-01-24,533.5745655474933
1741,2023-01-07,1521.573332869831
1742,2023-01-06,1769.9292141500703
1743,2023-02-25,1405.0211751028255
1744,2023-01-29,566.6522035805458
1745,2023-02-04,432.4987934690171
1746,2023-01-24,1127.059384470836
1747,2023-01-22,434.55472611291003
1748,2023-01-11,1686.2600015026906
1749,2023-01-16,1142.5601516847155
1750,2023-02-23,724.5626374007896
1751,2023-01-15,1222.6281202085809
1752,2023-02-26,669.1472848021006
1753,2023-01-24,1252.046368427326
1754,2023-01-02,617.8203690555014
1755,2023-01-21,594.2936939987974
1756,2023-01-12,1133.3109468796897
1757,2023-01-13,1703.748409832254
1758,2023-02-17,1360.5873868302265
1759,2023-01-27,369.5433341502613
1760,2023-01-19,441.32298562449944
1761,2023-02-15,902.541072466286
1762,2023-01-02,775.2164471674039
1763,2023-02-22,1804.197083314325
1764,2023-01-29,1804.3246783625889
1765,2023-01-24,253.68338184278934
1766,2023-02-08,578.9394880237464
1767,2023-01-21,899.0348828918404
1768,2023-02-03,517.4745409729087
1769,2023-02-21,1853.6354118890192
1770,2023-02-16,541.2773962916483
1771,2023-01-31,1521.1747307314843
1772,2023-01-01,1922.4481403652258
1773,2023-01-15,1059.8924814424947
1774,2023-02-03,1665.5947280672253
1775,2023-02-22,970.7948873795649
1776,2023-02-14,1664.2086588546408
1777,2023-01-17,1571.05729335384
1778,2023-01-01,1927.286565922977
1779,2023-02-15,805.880011961781
1780,2023-02-15,1579.8699280353023
1781,2023-01-31,1858.9120468994577
1782,2023-01-19,1659.3890292524165
1783,2023-02-06,1665.8074854598583
1784,2023-01-11,1906.9368298072275
1785,2023-02-15,723.2292248726438
1786,2023-01-25,992.2638070248926
1787,2023-01-15,390.9035016035126
1788,2023-02-09,1779.1078223401562
1789,2023-02-05,818.6587902891547
1790,2023-02-03,1829.4407844487353
1791,2023-02-12,566.9436288716115
1792,2023-01-01,829.2904674751521
1793,2023-01-06,1442.8628796391235
1794,2023-01-27,1860.8717433729576
1795,2023-01-13,1438.3028234134817
1796,2023-02-25,812.168332379758
1797,2023-02-19,272.0782278345738
1798,2023-02-12,797.1512914726146
1799,2023-01-21,1057.0899074673703
1800,2023-02-16,1514.7202437412427
1801,2023-01-25,1808.531467963482
1802,2023-01-05,211.35627387079091
1803,2023-01-19,338.1220320426278
1804,2023-01-29,707.2229834189638
1805,2023-02-19,1164.1140734869014
1806,2023-01-20,1164.414076870762
1807,2023-01-16,965.4742627863401
1808,2023-01-18,1790.5473522566976
1809,2023-01-08,1509.2336810617116
1810,2023-02-09,444.7304539936648
1811,2023-01-01,623.2454214204228
1812,2023-02-25,1109.5505399264275
1813,2023-01-03,852.5333977828609
1814,2023-01-27,1655.5160789177037
1815,2023-02-21,954.8039653526814
1816,2023-01-05,1894.0926028270837
1817,2023-01-17,528.4217438183738
1818,2023-01-14,1069.017460683836
1819,2023-01-05,1809.6452688574598
1820,2023-01-31,318.32487446227515
1821,2023-02-22,702.6169939209806
1822,2023-01-21,564.9912657458917
1823,2023-02-06,1972.6629667152056
1824,2023-02-04,1043.2167616426177
1825,2023-02-20,1798.7080664589337
1826,2023-02-06,1737.065736695343
1827,2023-02-01,387.1434498343997
1828,2023-02-14,829.8984128798454
1829,2023-02-05,1094.0519286965991
1830,2023-02-02,1782.011079501804
1831,2023-02-20,1967.3373224157522
1832,2023-02-21,806.508072770904
1833,2023-01-06,1607.5074710618312
1834,2023-02-03,1745.691205173669
1835,2023-01-01,706.2487244886761
1836,2023-01-10,558.0693836798548
1837,2023-02-01,1363.9046224880017
1838,2023-02-05,1215.45079947243
1839,2023-01-25,478.23600502975506
1840,2023-02-08,1535.9105562598606
1841,2023-01-12,848.1668384545043
1842,2023-02-14,1288.4132366875783
1843,2023-02-13,211.68735064855423
1844,2023-01-08,1262.9276595577112
1845,2023-02-18,1520.1668198983773
1846,2023-02-26,822.2138078433737
1847,2023-02-02,1566.7936823682371
1848,2023-01-30,968.5462180783977
1849,2023-02-22,961.7601048357012
1850,2023-02-10,738.8347476732198
1851,2023-01-25,1533.906053890666
1852,2023-02-13,1850.7527549787415
1853,2023-02-21,997.582229818759
1854,2023-01-11,1976.5723680166889
1855,2023-01-31,1639.0779260785102
1856,2023-02-19,760.2234486926375
1857,2023-01-19,619.5895367314341
1858,2023-01-11,846.0848072677644
1859,2023-02-09,928.4047148492663
1860,2023-01-07,1092.6169227890655
1861,2023-01-08,1462.7607362031815
1862,2023-01-16,1713.797002562757
1863,2023-01-13,306.3332391426826
1864,2023-02-21,1015.5296216128953
1865,2023-01-01,969.6006018727448
1866,2023-01-04,963.2583461010091
1867,2023-02-21,1214.6187594671148
1868,2023-01-16,1891.6432583050764
1869,2023-01-04,794.5785489719141
1870,2023-01-18,1908.1426558580686
1871,2023-01-03,642.5916642373747
1872,2023-01-16,1187.1290498963972
1873,2023-01-01,1484.121504835397
1874,2023-01-20,1785.1190527865363
1875,2023-02-14,1607.057641603967
1876,2023-01-24,1938.3702661775885
1877,2023-01-22,1192.0575849067384
1878,2023-02-26,1829.7674075728764
1879,2023-01-01,1378.4318425213967
1880,2023-01-31,504.2181731561322
1881,2023-01-21,255.18928725575543
1882,2023-01-02,1569.4049031655738
1883,2023-02-15,1419.7161297514547
1884,2023-01-21,718.9642369516299
1885,2023-02-12,390.82990338993125
1886,2023-01-13,1441.0283985564627
1887,2023-01-23,1549.0145277143956
1888,2023-01-15,1204.9076176319193
1889,2023-01-25,1397.427254109592
1890,2023-02-16,927.309767525422
1891,2023-02-14,1758.9575352565678
1892,2023-02-13,1158.3223071523148
1893,2023-02-10,1810.7105630240198
1894,2023-02-02,1531.4771991139173
1895,2023-01-17,1141.2233803957304
1896,2023-01-07,1495.382835732093
1897,2023-02-24,1796.14282227142
1898,2023-01-25,550.1203132212415
1899,2023-01-14,973.6490931857657
1900,2023-01-26,1746.8318157164647
1901,2023-02-05,254.89345719235249
1902,2023-02-27,439.5479278799651
1903,2023-02-01,929.6243840056048
1904,2023-02-28,402.2461965542363
1905,2023-02-09,1507.0736225886064
1906,2023-01-15,1954.6579992650027
1907,2023-02-19,1080.3198173224323
1908,2023-01-30,1928.4814866689235
1909,2023-02-18,444.38441250416554
1910,2023-02-16,1460.798164644413
1911,2023-01-14,1249.144965780493
1912,2023-01-20,1625.12041247089
1913,2023-01-16,1167.8611022206248
1914,2023-02-03,1963.8070347108383
1915,2023-02-11,991.3750069041234
1916,2023-02-05,1910.4902363026933
1917,2023-01-26,1852.901340000517
1918,2023-02-21,962.9654112118861
1919,2023-02-04,938.9394308418076
1920,2023-01-23,235.90471755559793
1921,2023-02-03,1007.2894034060633
1922,2023-02-25,558.9380216843895
1923,2023-02-05,804.6661413256412
1924,2023-01-15,708.5284266842434
1925,2023-01-08,1406.3563415151239
1926,2023-02-02,992.3124338117433
1927,2023-01-04,1280.4482380136437
1928,2023-01-04,1718.3331784718714
1929,2023-02-01,1698.9896087578807
1930,2023-02-26,1254.0032168430037
1931,2023-02-27,992.9656044314321
1932,2023-02-02,920.73846289793
1933,2023-02-16,328.0288449396767
1934,2023-01-26,1041.2875653059273
1935,2023-01-22,925.4770678452154
1936,2023-01-29,562.7552469757043
1937,2023-02-05,1644.9049316143535
1938,2023-02-06,1456.6663602605274
1939,2023-01-21,1955.734604857483
1940,2023-02-28,893.9284781617882
1941,2023-01-01,950.4696518703159
1942,2023-02-10,1135.5228551077598
1943,2023-01-15,835.9192218699012
1944,2023-01-15,1181.4441399115622
1945,2023-02-10,1801.5545751247132
1946,2023-02-17,1514.9348960119678
1947,2023-01-28,571.7215096410122
1948,2023-01-08,1640.2751832234578
1949,2023-02-26,1631.5545134702786
1950,2023-02-12,1638.3637287233
1951,2023-01-15,770.2447771329274
1952,2023-01-30,1303.3127373059936
1953,2023-02-21,1374.1237675041934
1954,2023-01-19,416.4050070396533
1955,2023-01-15,1853.6155226918813
1956,2023-01-11,862.644392330865
1957,2023-02-05,1439.0781025427814
1958,2023-02-19,1871.0090828547766
1959,2023-01-30,1414.7698937089378
1960,2023-01-16,1889.259342909359
1961,2023-02-27,1458.393782641266
1962,2023-01-26,507.5442103229185
1963,2023-01-05,1512.0299163350041
1964,2023-01-06,930.2962651228946
1965,2023-02-11,773.431928083638
1966,2023-02-06,1605.163287981823
1967,2023-02-10,1622.8804436540368
1968,2023-01-23,1908.2211781815124
1969,2023-01-30,565.7335313764906
1970,2023-02-23,1158.7957960303456
1971,2023-01-17,1589.8204255361295
1972,2023-01-09,1129.427963767691
1973,2023-01-30,611.815617106195
1974,2023-02-08,1991.5225243670761
1975,2023-02-08,1800.7757184148034
1976,2023-01-15,1238.8580068458127
1977,2023-02-26,1168.4860523182479
1978,2023-02-24,1711.9570125409125
1979,2023-02-12,1846.3411664446835
1980,2023-02-06,1675.253640227201
1981,2023-01-01,979.0575959947435
1982,2023-01-05,1740.1216366625458
1983,2023-02-14,606.0895972255248
1984,2023-02-07,1172.9289206339336
1985,2023-01-21,767.2705195157188
1986,2023-01-10,415.34209230594297
1987,2023-02-20,461.92151495577207
1988,2023-01-17,1885.8886718381398
1989,2023-02-20,550.986370114676
1990,2023-02-05,1369.8382326343046
1991,2023-02-08,630.4180842921485
1992,2023-01-09,1145.8452309181853
1993,2023-01-16,435.14156740617733
1994,2023-02-09,721.1726228655896
1995,2023-01-03,920.9441540866085
1996,2023-02-19,1472.021793601047
1997,2023-02-05,1821.9258836322772
1998,2023-02-03,971.4388375718434
1999,2023-01-16,1484.8795434434942
2000,2023-01-16,450.35562898906244
